abair	ˈ a bˠ ə ɾʲ
ábalta	ˈ aː bˠ ə l̻ˠ t̪ˠ ə
ab	ə bˠ
abhaile	ə ˈ vˠ a lʲ ə
ach	ˈ a x
acu	ˈ a k ə
adúbradh	ˈ a d̪ˠ uː bˠ ɾˠ ə
a	ə
agaibh	ˈ a ɡ iː
againn	ˈ a ɡ ə n̻ʲ
agam	ˈ a ɡ ə mˠ
agat	ˈ a ɡ ə t̪ˠ
ag	e ɟ
aghaidh	ˈ ai
agus	ˈ a ɡ ə sˠ
aici	ˈ e c ə
aicme	ˈ a c mʲ ə
aidhm	ˈ ai mʲ
aige	e ɟ ə
aighneas	ˈ ai nʲ ə sˠ
aighnis	ˈ ai nʲ ə ʃ
aigne	ˈ a ɟ nʲ ə
áil	ˈ aː lʲ
áilleacht	ˈ aː l̻ʲ ə x t̪ˠ
aimsir	ˈ a mʲ ʃ ə ɾʲ
aimsire	ˈ a mʲ ʃ ə ɾʲ ə
aingeal	ˈ a ɲ ɟ ə l̻ˠ
airc	ˈ a ɾʲ c
air	ˈ e ɾʲ
airgead	ˈ a ɾʲ ə ɟ ə d̪ˠ
airigh	ˈ a ɾʲ ə
airighdís	ˈ a ɾʲ ə dʲ iː ʃ
ais	ˈ a ʃ
aisti	ˈ a ʃ tʲ i
ait	ˈ a tʲ
áit	ˈ aː tʲ
aitean	ˈ a tʲ ə n̻ˠ
aithne	ˈ a nʲ ə
allta	ˈ aː l̻ˠ t̪ˠ ə
alltacht	ˈ aː l̻ˠ t̪ˠ ə x t̪ˠ
amach	ə ˈ mˠ a x
amháin	ə ˈ vˠ aː nʲ
amhlaidh	ˈ au l̻ˠ ə
amhras	ˈ a vʲ ɾʲ ə sˠ
amú	ə ˈ mˠ uː
ana	ˈ a n̻ˠ ə
anacair	ˈ a ˈ n̻ˠ a k ə ɾʲ
anall	ˈ a ˈ n̻ˠ aː l̻ˠ
anama	ˈ a ˈ n̻ˠ a mˠ ə
anam	ˈ a n̻ˠ ə mˠ
an	ə n̻ˠ
an-bheag	ˈ a n̻ˠ ˈ vʲ ə ɡ
an-mhór	ˈ a n̻ˠ ˈ vˠ oː ɾˠ
an-mhaith	ˈ a n̻ˠ ˈ vˠ a
aníos	ə n̻ˠ ˈ iː sˠ
ann	ˈ aː n̻ˠ
anois	ə ˈ n̻ˠ i ʃ
anonn	ə ˈ n̻ˠ uː n̻ˠ
anuas	ə ˈ n̻ˠ uˑə sˠ
aon	ˈ eː n̻ˠ
aos	ˈ iː sˠ
ár	ˈ aː ɾˠ
aráin	ə ˈ ɾˠ aː n̻ʲ
arán	ə ˈ ɾˠ aː n̻ˠ
araon	ˈ a ɾˠ iː n̻ˠ
arbhair	ˈ a ɾˠ ə vˠ ə ɾʲ
ar	e ɾʲ
arm	ˈ a ɾˠ ə mˠ
armáil	ˈ a ɾˠ ə mˠ aː lʲ
arsa	ˈ ə ɾˠ sˠ ə
arsan	ˈ ə ɾˠ sˠ ə n̻ˠ
as	ˈ a sˠ
atá	ə ˈ t̪ˠ aː
atáim	ə t̪ˠ aː mʲ
athair	ˈ a h ə ɾʲ
athar	ˈ a e ɾʲ
áthas	ˈ aː h ə sˠ
ath-léighte	ˈ a ˈ l̻ʲ eː j tʲ ə
ba	bˠ ə
bac	ˈ bˠ a k
baclainn	ˈ bˠ a k l̻ˠ ə n̻ʲ
bácús	ˈ bˠ aː k uː sˠ
baile	ˈ bˠ a lʲ ə
baineadh	ˈ bˠ a nʲ uː
báine	ˈ bˠ aː nʲ ə
bainne	ˈ bˠ a n̻ʲ ə
baint	ˈ bˠ a nʲ tʲ
bainte	ˈ bˠ a nʲ tʲ ə
báis	ˈ bˠ aː ʃ
balcais	ˈ bˠ a l̻ˠ k ə ʃ
ball	ˈ bˠ aː l̻ˠ
bamhlaidh	ˈ bˠ au l̻ˠ ə
bána	ˈ bˠ aː n̻ˠ ə
ban	ˈ bˠ a n̻ˠ
bán	ˈ bˠ aː n̻ˠ
bar	ˈ bˠ a ɾˠ
bás	ˈ bˠ aː sˠ
bata	ˈ bˠ a t̪ˠ ə
beaga	ˈ bʲ a ɡ ə
beagáinín	ˈ bʲ ə ˈ ɡ aː nʲ iː nʲ
beagán	ˈ bʲ ə ɡ aː n̻ˠ
beag	ˈ bʲ ə ɡ
béal	ˈ bʲ eː l̻ˠ
bean	ˈ bʲ a n̻ˠ
beannacht	ˈ bʲ a n̻ˠ ə x t̪ˠ
beann	ˈ bʲ au n̻ˠ
bearna	ˈ bʲ a ɾˠ n̻ˠ ə
bearnach	ˈ bʲ a ɾˠ n̻ˠ ə x
beatha	ˈ bʲ a h ə
bé	ˈ bʲ eː
beidh	ˈ bʲ ei
beidh	ˈ bʲ ei
béigean	ˈ bʲ eː ɟ ə n̻ˠ
béil	ˈ bʲ eː lʲ
béile	ˈ bʲ eː lʲ ə
beirt	ˈ bʲ e ɾˠ tʲ
beo	ˈ bʲ oː
bfhearr	ˈ bʲ aː ɾˠ
bfhéidir	ˈ bʲ eː dʲ ə ɾʲ
bhácáil	ˈ vˠ aː k aː lʲ
bhácúis	ˈ vˠ aː k uː ʃ
bhaile	ˈ vˠ a lʲ ə
bhail	ˈ vˠ a lʲ
bhainfeadh	ˈ vˠ a nʲ ə x
bhaint	ˈ vˠ a nʲ tʲ
bhairille	ˈ vˠ a ɾʲ ə l̻ʲ ə
bháis	ˈ vˠ aː ʃ
bhall	ˈ vˠ aː l̻ˠ
bhán	ˈ vˠ aː n̻ˠ
bharántas	ˈ vˠ u ɾˠ aː n̻ˠ t̪ˠ ə sˠ
bhara	ˈ vˠ a ɾˠ ə
bharúntacht	ˈ vˠ a ɾˠ uː n̻ˠ t̪ˠ ə x t̪ˠ
bhata	ˈ vˠ a t̪ˠ ə
bheagán	ˈ vʲ ə ɡ aː n̻ˠ
bheag	ˈ vʲ ə ɡ
bhéal	ˈ vʲ eː l̻ˠ
bhean	ˈ vʲ a n̻ˠ
bhéarfadh	ˈ vʲ eː ɾˠ ə x
bhearna	ˈ vʲ aː ɾˠ n̻ˠ ə
bheatha	ˈ vʲ a h ə
bhéiceas	ˈ vʲ eː c ə sˠ
bheidh	ˈ vʲ ei
bheidh	ˈ vʲ ei
bheidís	ˈ vʲ e dʲ iː ʃ
bheifeá	ˈ vʲ ei h aː
bheinn	ˈ vʲ e n̻ʲ
bheirt	ˈ vʲ e ɾˠ tʲ
bheith	ˈ vʲ e
bhfágadh	ˈ vˠ aː ɡ uː
bhfanaidís	ˈ vˠ a n̻ˠ ə dʲ iː ʃ
bhfanfadh	ˈ vˠ a n̻ˠ ə x
bhfeabhas	ˈ vʲ au sˠ
bhfeaca	ˈ vʲ a k ə
bhféadfadh	ˈ vʲ eː d̪ˠ ə x
bhféadfaidís	ˈ vʲ eː d̪ˠ ə dʲ iː ʃ
bhféadfaí	ˈ vʲ eː d̪ˠ fˠ iː
bhfear	ˈ vʲ a ɾˠ
bhfeiceadh	ˈ vʲ e c ə
bhfeicfeadh	ˈ vʲ e c ə x
bhfeicinn	ˈ vʲ e c ə n̻ʲ
bhfeidhm	ˈ vʲ ai mʲ
bhfeirimitíbh	ˈ vʲ e ɾʲ ə mʲ ə tʲ iː vʲ
bhfeirm	ˈ vʲ e ɾʲ ə mʲ
bhfiacala	ˈ vʲ iˑə k ə l̻ˠ ə
bhfichidí	ˈ vʲ i h ə dʲ iː
bhfocal	ˈ vˠ o k ə l̻ˠ
bhfochair	ˈ vˠ o x ə ɾʲ
bhformhór	ˈ vˠ o ɾˠ ˌ vˠ oː ɾˠ
bhfuair	ˈ vˠ uˑə ɾʲ
bhfuil	ˈ vˠ i lʲ
bhfuinneamh	ˈ vˠ i n̻ʲ ə
bhídís	ˈ vʲ iː dʲ iː ʃ
bhig	ˈ vʲ i ɟ
bhinn	ˈ vʲ iː n̻ʲ
bhínn	ˈ vʲ iː n̻ʲ
bhíodar	ˈ vʲ iː d̪ˠ ə ɾˠ
bhíodh	ˈ vʲ iː x
bhí	ˈ vʲ iː
bhlasta	ˈ vˠ l̻ˠ a sˠ t̪ˠ ə
bhláth	ˈ vˠ l̻ˠ aː h
bhliain	ˈ vʲ lʲ iˑə nʲ
bhlúire	ˈ vˠ l̻ˠ uː ɾʲ ə
bhotháin	ˈ vˠ o h aː nʲ
bhóthair	ˈ vˠ oː h ə ɾʲ
bhóthar	ˈ vˠ oː h ə ɾˠ
bhó	ˈ vˠ oː
bhraiceal	ˈ vˠ ɾˠ a c ə l̻ˠ
bhrath	ˈ vˠ ɾˠ a
bhreith	ˈ vʲ ɾʲ e h
bhriseadh	ˈ vʲ ɾʲ i ʃ ə
bhriste	ˈ vʲ ɾʲ i ʃ tʲ ə
bhrollach	ˈ vˠ ɾˠ o l̻ˠ ə x
bhuachaill	ˈ vˠ uˑə x ə l̻ʲ
bhuadhdar	ˈ vˠ uˑə ɣ d̪ˠ ə ɾˠ
bhuaileadh	ˈ vˠ uˑə lʲ uː
bhuailfeadh	ˈ vˠ uˑə lʲ ə x
bhuailinn-se	ˈ vˠ uˑə lʲ ə n̻ʲ ˈ ʃ e
bhuail	ˈ vˠ uˑə lʲ
bhuaireamh	ˈ vˠ uˑə ɾʲ ə
bhuairt	ˈ vˠ uˑə ɾˠ tʲ
bhualadh	ˈ vˠ uˑə l̻ˠ ə
bhuartha	ˈ vˠ uˑə ɾ̥ˠ h ə
bhuile	ˈ vˠ i lʲ ə
bhuille	ˈ vˠ i l̻ʲ ə
bhun	ˈ vˠ u n̻ˠ
bí	ˈ bʲ iː
bíodh	ˈ bʲ iː x
bioránach	ˈ bʲ i ɾˠ aː n̻ˠ ə x
bith	ˈ bʲ i
bliain	ˈ bʲ lʲ iˑə nʲ
bliana	ˈ bʲ lʲ iˑə n̻ˠ ə
blianta	ˈ bʲ lʲ iˑə n̻ˠ t̪ˠ ə
blúire	ˈ bˠ l̻ˠ uː ɾʲ ə
bó	ˈ bˠ oː
bochta	ˈ bˠ o x t̪ˠ ə
bocht	ˈ bˠ o x t̪ˠ
bodhar	ˈ bˠ au ɾˠ
bóige	ˈ bˠ oː ɟ ə
bóithrín	ˈ bˠ oː ɾ̥ʲ iː nʲ
bóithrín	ˈ bˠ oː ɾ̥ʲ iː nʲ
bonn	ˈ bˠ au n̻ˠ
bothán	ˈ bˠ o h aː n̻ˠ
bóthar	ˈ bˠ oː h ə ɾˠ
bpáirc	ˈ bˠ aː ɾʲ c
bpáircín	ˈ bˠ aː ɾʲ c iː nʲ
bpáirt	ˈ bˠ aː ɾˠ tʲ
bpoll	ˈ bˠ au l̻ˠ
bportach	ˈ bˠ o ɾˠ t̪ˠ ə x
bpráta	ˈ bˠ ɾˠ aː t̪ˠ ə
bprísúnach	ˈ bʲ ɾʲ iː sˠ uː n̻ˠ ə x
braon	ˈ bˠ ɾˠ iː n̻ˠ
brat	ˈ bˠ ɾˠ a t̪ˠ
breab	ˈ bʲ ɾʲ a bˠ
breac	ˈ bʲ ɾʲ a k
bréagacha	ˈ bʲ ɾʲ eː ɡ ə x ə
bréag	ˈ bʲ ɾʲ eː ɡ
breis	ˈ bʲ ɾʲ e ʃ
breith	ˈ bʲ ɾʲ e h
briogadáin	ˈ bʲ ɾʲ i ɡ ə d̪ˠ aː nʲ
briseadh	ˈ bʲ ɾʲ i ʃ uː
briste	ˈ bʲ ɾʲ i ʃ tʲ ə
bróga	ˈ bˠ ɾˠ oː ɡ ə
bróg	ˈ bˠ ɾˠ oː ɡ
bruach	ˈ bˠ ɾˠ uˑə x
buachaill	ˈ bˠ uˑə x ə l̻ʲ
buachaillí	ˈ bˠ uˑə x ə l̻ʲ iː
buadh	ˈ bˠ uˑə uː
buadhdar	ˈ bˠ uˑə ɣ d̪ˠ ə ɾˠ
buaileadh	ˈ bˠ uˑə lʲ uː
buile	ˈ bˠ i lʲ ə
buille	ˈ bˠ i l̻ʲ ə
bun	ˈ bˠ u n̻ˠ
bunúsach	ˈ bˠ u ˈ n̻ˠ uː sˠ ə x
cabáiste	ˈ k a bˠ aː ʃ tʲ ə
cad	ˈ k a d̪ˠ
cailíní	ˈ k a lʲ iː nʲ iː
cailín	ˈ k a lʲ iː nʲ
cainte	ˈ k a nʲ tʲ ə
caint	ˈ k a nʲ tʲ
caisleán	ˈ k i ʃ lʲ aː n̻ˠ
caitheadh	ˈ k a h uː
caitheamh	ˈ k a ˌ h ə
cá	ˈ k aː
caoi	ˈ k iː
caola	ˈ k iː l̻ˠ ə
capall	ˈ k a pˠ ə l̻ˠ
cár	ˈ k aː ɾˠ
casadh	ˈ k a sˠ ə
cás	ˈ k aː sˠ
casúr	ˈ k a sˠ uː ɾˠ
cathain	ˈ k a h ə nʲ
cathaoireach	ˈ k a h iː ɾʲ ə x
cath	ˈ k a h
cead	ˈ c a d̪ˠ
céad	ˈ c eː d̪ˠ
ceann	ˈ c aː n̻ˠ
ceaptí	ˈ c a pʲ tʲ iː
ceart	ˈ c a ɾˠ t̪ˠ
ceathair	ˈ c a h ə ɾʲ
ceathrar	ˈ c a ɾ̥ˠ ə ɾˠ
cé	ˈ c eː
ceist	ˈ c e ʃ tʲ
ceiste	ˈ c e ʃ tʲ ə
chabáiste	ˈ x a bˠ aː ʃ tʲ ə
chaereach	ˈ x eː ɾʲ ə x
chailín	ˈ x a lʲ iː nʲ
chailleadh	ˈ x a l̻ʲ ə
chaill	ˈ x a l̻ʲ
cháil	ˈ x aː lʲ
chaint	ˈ x a nʲ tʲ
chaisleáin	ˈ x i ʃ lʲ aː nʲ
chaisleán	ˈ x i ʃ lʲ aː n̻ˠ
chaitheamh	ˈ x a h ə
chaithfeadh	ˈ x a h ə x
chaithidís	ˈ x a h ə dʲ iː ʃ
chaithinn	ˈ x a h ə n̻ʲ
chaith	ˈ x a
chaoi	ˈ x iː
chapall	ˈ x a pˠ ə l̻ˠ
chasadh	ˈ x a sˠ ə
chathaoir	ˈ x a h iː ɾʲ
cheacht	ˈ ç a x t̪ˠ
chéad	ˈ ç eː d̪ˠ
cheannaigh	ˈ ç a n̻ˠ ə
cheann	ˈ ç aː n̻ˠ
cheart	ˈ ç a ɾˠ t̪ˠ
cheathrar	ˈ ç a ɾ̥ˠ ə ɾˠ
cheile	ˈ ç e lʲ ə
chéile	ˈ ç eː lʲ ə
cheist	ˈ ç e ʃ tʲ
cheithre	ˈ ç e ɾ̥ʲ ə
chiall	ˈ ç iˑə l̻ˠ
chiallmhar	ˈ ç iˑə l̻ˠ vˠ ə ɾˠ
chíosa	ˈ ç iː sˠ ə
chíos	ˈ ç iː sˠ
chirte	ˈ ç i ɾˠ tʲ ə
chíste	ˈ ç iː ʃ tʲ ə
chlampar	ˈ x l̻ˠ a mˠ pˠ ə ɾˠ
chlann	ˈ x l̻ˠ aː n̻ˠ
chleamhnas	ˈ ç lʲ au n̻ˠ ə sˠ
chliabháin	ˈ ç lʲ iˑə vˠ aː nʲ
chloch	ˈ x l̻ˠ o x
chlós	ˈ x l̻ˠ oː sˠ
chluas	ˈ x l̻ˠ uˑə sˠ
chnapóigín	ˈ x n̻ˠ a pˠ oː ɟ iː nʲ
chneasta	ˈ ç nʲ a sˠ t̪ˠ ə
chogadh	ˈ x o ɡ ə
choimeádaidís	ˈ x o mʲ aː d̪ˠ ə dʲ iː ʃ
choimeádfadh	ˈ x o mʲ aː d̪ˠ ə x
choimeád	ˈ x o mʲ aː d̪ˠ
choínleach	ˈ x iː nʲ lʲ ə x
choinne	ˈ x i n̻ʲ ə
choir	ˈ x i ɾʲ
chóir	ˈ x oː ɾʲ
chois	ˈ x o ʃ
cholainn	ˈ x o l̻ˠ ə n̻ʲ
chómnuighe	ˈ x oː mˠ n̻ˠ ə j ə
chomparáid	ˈ x u mˠ pˠ ə ɾˠ aː dʲ
chonaic	ˈ x o n̻ˠ ə c
chorcáinín	ˈ x au ɾˠ k aː nʲ iː nʲ
chorp	ˈ x o ɾˠ pˠ
chor	ˈ x o ɾˠ
chosaint	ˈ x o sˠ ə nʲ tʲ
chosain	ˈ x o sˠ ə nʲ
chosa	ˈ x o sˠ ə
chos	ˈ x o sˠ
chreachadh	ˈ ç ɾʲ a x ə
chreach	ˈ ç ɾʲ a x
chreidimh	ˈ ç ɾʲ e dʲ ə vʲ
chrích	ˈ ç ɾʲ iː
chrith	ˈ ç ɾʲ i
chrochadh	ˈ x ɾˠ o x ə
chroch	ˈ x ɾˠ o x
chrom	ˈ x ɾˠ o mˠ
chró	ˈ x ɾˠ oː
chruinne	ˈ x ɾˠ i n̻ʲ ə
chruinnigh	ˈ x ɾˠ i n̻ʲ ə
chuadar	ˈ x uˑə d̪ˠ ə ɾˠ
chuaird	ˈ x uˑə ɾˠ dʲ
chuid	ˈ x i dʲ
chuige	ˈ x i ɟ ə
chúig	ˈ x uː ɟ
chúil	ˈ x uː lʲ
chuimhneamh	ˈ x iː nʲ ə
chúinne	ˈ x uː n̻ʲ ə
chuireadh	ˈ x i ɾʲ ə x
chuirfeadh	ˈ x i ɾʲ ə x
chuiridís	ˈ x i ɾʲ ə dʲ iː ʃ
chuir	ˈ x i ɾʲ
chúis	ˈ x uː ʃ
chúl	ˈ x uː l̻ˠ
chumas-sa	ˈ x u mˠ ə sˠ ə
chumas	ˈ x u mˠ ə sˠ
chuma	ˈ x u mˠ ə
chun	ˈ x u n̻ˠ
chúrsa	ˈ x uː ɾˠ sˠ ə
chur	ˈ x u ɾˠ
ciall	ˈ c iˑə l̻ˠ
cine	ˈ c i nʲ ə
cinn	ˈ c iː n̻ʲ
cionn	ˈ c iˑə n̻ˠ
ciontach	ˈ c i n̻ˠ t̪ˠ ə x
cíosa	ˈ c iː sˠ ə
cíos	ˈ c iː sˠ
ciotóige	ˈ c i t̪ˠ oː ɟ ə
císte	ˈ c iː ʃ tʲ ə
clainne	ˈ k l̻ˠ i n̻ʲ ə
clampair	ˈ k l̻ˠ a mˠ pˠ ə ɾʲ
clampar	ˈ k l̻ˠ a mˠ pˠ ə ɾˠ
clann	ˈ k l̻ˠ aː n̻ˠ
cleamhnas	ˈ c lʲ au n̻ˠ ə sˠ
cleas	ˈ c lʲ a sˠ
cleite	ˈ c lʲ e tʲ ə
clocha	ˈ k l̻ˠ o x ə
cloch	ˈ k l̻ˠ o x
cloiche	ˈ k l̻ˠ o ç ə
clós	ˈ k l̻ˠ oː sˠ
clúdaithe	ˈ k l̻ˠ uː d̪ˠ ə h ə
cnámha	ˈ k ɾˠ aː vˠ ə
cneasta	ˈ c nʲ a sˠ t̪ˠ ə
cnucán	ˈ k ɾˠ u k aː n̻ˠ
cogaidh	ˈ k o ɡ ə
cogarnaigh	ˈ k o ɡ ə ɾˠ n̻ˠ ə
coimeádadh	ˈ k o mʲ aː d̪ˠ ə
coimeádhfaidh	ˈ k o mʲ aː ɣ ə
coínleach	ˈ k iː nʲ lʲ ə x
coínlíní	ˈ k iː nʲ lʲ iː nʲ iː
coinneal	ˈ k i n̻ʲ ə l̻ˠ
coise	ˈ k o ʃ ə
cois	ˈ k o ʃ
col	ˈ k o l̻ˠ
cor	ˈ k au ɾˠ
corp	ˈ k o ɾˠ pˠ
cosa	ˈ k o sˠ ə
cos	ˈ k o sˠ
cos-lomrachta	ˈ k o sˠ ˈ l̻ˠ o mˠ ˈ ɾˠ a x t̪ˠ ə
costais	ˈ k o sˠ t̪ˠ ə ʃ
crainn	ˈ k ɾˠ iː n̻ʲ
crann	ˈ k ɾˠ aː n̻ˠ
creachadh	ˈ c ɾʲ a x ə
creideamh	ˈ c ɾʲ e dʲ ə
creidimh	ˈ c ɾʲ e dʲ ə vʲ
crích	ˈ c ɾʲ iː
crochadh	ˈ k ɾˠ o x ə
croise	ˈ k ɾˠ i ʃ ə
cromadh	ˈ k ɾˠ o mˠ ə
cromtha	ˈ k ɾˠ o m̥ˠ h ə
crosta	ˈ k ɾˠ o sˠ t̪ˠ ə
cruadh-chíosa	ˈ k ɾˠ uˑə ɣ ˈ ç iː sˠ ə
cruinne	ˈ k ɾˠ i n̻ʲ ə
cruinn	ˈ k ɾˠ iː n̻ʲ
cuanta	ˈ k uˑə n̻ˠ t̪ˠ ə
cuardaigh	ˈ k uˑə ɾˠ d̪ˠ iː
cúbadh	ˈ k uː bˠ ə
cuid	ˈ k i dʲ
cúigear	ˈ k uː ɟ ə ɾˠ
cúige	ˈ k uː ɟ ə
cúig	ˈ k uː ɟ
cuimhin	ˈ k i vʲ ə nʲ
cuimhneamh	ˈ k iː nʲ ə
cuimhne	ˈ k i vʲ nʲ ə
cúinne	ˈ k uː n̻ʲ ə
cuireadh	ˈ k i ɾʲ uː
cuir	ˈ k i ɾʲ
cúis	ˈ k uː ʃ
cuma	ˈ k u mˠ ə
cúpla	ˈ k uː pˠ l̻ˠ ə
cur	ˈ k u ɾˠ
cúrsaí	ˈ k uː ɾˠ sˠ iː
curtha	ˈ k u ɾ̥ˠ ə
dá	ˈ d̪ˠ aː
daingean	ˈ d̪ˠ a ɲ ə n̻ˠ
dána	ˈ d̪ˠ aː n̻ˠ ə
daoibh	ˈ d̪ˠ iː bʲ
daoine	ˈ d̪ˠ iː nʲ ə
daois	ˈ d̪ˠ iː ʃ
daon	ˈ d̪ˠ iː n̻ˠ
daoradh	ˈ d̪ˠ iː ɾˠ ə x
darbhar	ˈ d̪ˠ a ɾˠ ə vˠ ə ɾˠ
dár	ˈ d̪ˠ aː ɾˠ
darm	ˈ d̪ˠ a ɾˠ ə mˠ
dathacha	ˈ d̪ˠ a h ə x ə
dead	ˈ dʲ a d̪ˠ
déag	ˈ dʲ eː ɡ
deagla	ˈ dʲ aː ˈ ɡ l̻ˠ a
dealbh	ˈ dʲ a l̻ˠ ə vˠ
déanamh	ˈ dʲ eː n̻ˠ ə
déanta	ˈ dʲ eː n̻ˠ t̪ˠ ə
déarfadh	ˈ dʲ iˑə ɾˠ ə x
déarfaidh	ˈ dʲ eː ɾˠ h ə
déarfaidís	ˈ dʲ iˑə ɾˠ ə dʲ iː ʃ
de	dʲ e
dé	ˈ dʲ eː
deich	ˈ dʲ e
deighilte	ˈ dʲ e j ə lʲ tʲ ə
déine	ˈ dʲ eː nʲ ə
deireadh	ˈ dʲ e ɾʲ ə
deiridís	ˈ dʲ e ɾʲ ə dʲ iː ʃ
déirigh	ˈ dʲ ai ɾˠ ə
deirim	ˈ dʲ e ɾʲ ə mʲ
deirinn	ˈ dʲ e ɾʲ ə n̻ʲ
deirtí	ˈ dʲ e ɾˠ tʲ iː
déistineach	ˈ dʲ eː ʃ tʲ ə nʲ ə x
déitheach	ˈ dʲ eː h ə x
deoch	ˈ dʲ o x
desganaibh	ˈ dʲ e sˠ ɡ ə n̻ˠ ə vʲ
dfhágfadh	ˈ d̪ˠ aː ɡ ə x
dfhan	ˈ d̪ˠ a n̻ˠ
dfhanfainn	ˈ d̪ˠ a n̻ˠ ə n̻ʲ
dfhásaidís	ˈ d̪ˠ aː sˠ ə dʲ iː ʃ
dfhéac	ˈ dʲ eː k
dfhéachadar	ˈ dʲ eː x ə d̪ˠ ə ɾˠ
dfhéadadar	ˈ dʲ eː d̪ˠ ə d̪ˠ ə ɾˠ
dfhéadfadh	ˈ dʲ eː d̪ˠ ə x
dfhear	ˈ dʲ a ɾˠ
dfhiacalaibh	ˈ dʲ iˑə k ə l̻ˠ ə vʲ
dhá	ˈ ɣ aː
dhaingean	ˈ ɣ a ɲ ə n̻ˠ
dhaoine	ˈ ɣ iː nʲ ə
dhaoradh	ˈ ɣ iː ɾˠ ə x
dheabhróch	ˈ j aː ˈ vˠ ɾˠ oː x
dheacair	ˈ j a k ə ɾʲ
dheaghshláintíghe	ˈ j aː ˈ ɣ l̻̊ˠ aː nʲ tʲ iː j ə
dhéag	ˈ j eː ɡ
dhéanamh	ˈ j eː n̻ˠ ə
dhéanfadh	ˈ j iˑə n̻ˠ ə x
dhéanfaidh	ˈ j eː n̻ˠ h i
dheas	ˈ j a sˠ
dhéin	ˈ j eː nʲ
dheirig	ˈ j e ɾʲ ə ɟ
dhé	ˈ j eː
dhfhásaid	ˈ ɣ aː sˠ ə dʲ
dhíbirt	ˈ j iː bʲ ə ɾˠ tʲ
dhílis	ˈ j iː lʲ ə ʃ
dhíobh	ˈ j iː bˠ
dhíoladar	ˈ j iː l̻ˠ ə d̪ˠ ə ɾˠ
dhíoladh	ˈ j iː l̻ˠ ə
dhíolfadh	ˈ j iː l̻ˠ ə x
dhíol	ˈ j iː l̻ˠ
dhírigh	ˈ j iː ɾʲ ə
dhóbair	ˈ ɣ oː ˈ bˠ a ɾʲ
dhó	ˈ ɣ oː
dhroch	ˈ ɣ ɾˠ o x
dhual	ˈ ɣ uˑə l̻ˠ
dhubh	ˈ ɣ uː
dhuine	ˈ ɣ i nʲ ə
dhul	ˈ ɣ u l̻ˠ
dian	ˈ dʲ iˑə n̻ˠ
díbirt	ˈ dʲ iː bʲ ə ɾˠ tʲ
di	ˈ dʲ i
díobháil	ˈ dʲ iː vˠ aː lʲ
díobhála	ˈ dʲ iː vˠ aː l̻ˠ ə
díobh	ˈ dʲ iː bˠ
díoladh	ˈ dʲ iː l̻ˠ ə
díol	ˈ dʲ iː l̻ˠ
díreach	ˈ dʲ iː ɾʲ ə x
dithe	ˈ dʲ i h ə
dobair	ˈ d̪ˠ o ˈ bˠ a ɾʲ
dócha	ˈ d̪ˠ oː x ə
do	d̪ˠ o
dó	ˈ d̪ˠ oː
dóibh	ˈ d̪ˠ oː bʲ
dóic	ˈ d̪ˠ oː ˈ i c
dóladh	ˈ d̪ˠ oː ˈ l̻ˠ ai
dom	ˈ d̪ˠ o mˠ
domhan	ˈ d̪ˠ au n̻ˠ
donas	ˈ d̪ˠ o ˈ n̻ˠ a sˠ
droch	ˈ d̪ˠ ɾˠ o x
drún	ˈ d̪ˠ ɾˠ uː n̻ˠ
dtabharfadh	ˈ dʲ uː ɾˠ ə x
dtabharfaí	ˈ dʲ uː ɾˠ fˠ iː
dtabharfainn	ˈ d̪ˠ au ɾˠ ə n̻ʲ
dtaca	ˈ d̪ˠ a k ə
dtachtfadh	ˈ d̪ˠ a x t̪ˠ ə x
dtagadh	ˈ d̪ˠ a ɡ ə
dtalamh	ˈ d̪ˠ a l̻ˠ ə
dtánag-sa	ˈ d̪ˠ aː n̻ˠ ə ɡ sˠ ə
dtaobh	ˈ d̪ˠ iː vˠ
dteannta	ˈ dʲ a n̻ˠ t̪ˠ ə
dtí	ˈ dʲ iː
dtigh	ˈ dʲ iː
dtineóntaithe	ˈ dʲ i nʲ oː n̻ˠ t̪ˠ ə h ə
dtiocfadh	ˈ dʲ u k ə x
dtráchtfá	ˈ d̪ˠ ɾˠ aː x t̪ˠ aː
dtrí	ˈ dʲ ɾʲ iː
dtriúr	ˈ dʲ ɾʲ uː ɾˠ
dtrucail	ˈ d̪ˠ ɾˠ u k ə lʲ
dtugainn	ˈ d̪ˠ u ɡ ə n̻ʲ
dtugtar	ˈ d̪ˠ u ɡ t̪ˠ ə ɾˠ
dtuigfeadh	ˈ d̪ˠ i ɟ ə x
dtuigtí	ˈ d̪ˠ i ɟ tʲ iː
duaigneas	ˈ d̪ˠ uˑə ɟ nʲ ə sˠ
dúbh-chéalacan	ˈ d̪ˠ uː vˠ ˈ ç eː l̻ˠ ə k ə n̻ˠ
dubh	ˈ d̪ˠ u vˠ
duibh	ˈ d̪ˠ i vʲ
dúil	ˈ d̪ˠ uː lʲ
duine	ˈ d̪ˠ i nʲ ə
dúinn	ˈ d̪ˠ uː n̻ʲ
duit	ˈ ɣ i tʲ
dul	ˈ d̪ˠ u l̻ˠ
dúnta	ˈ d̪ˠ uː n̻ˠ t̪ˠ ə
éadaigh	ˈ eː d̪ˠ iː
éadain	ˈ eː d̪ˠ ə nʲ
éad	ˈ eː d̪ˠ
eagal	ˈ a ɡ ə l̻ˠ
eagla	ˈ a ɡ l̻ˠ ə
easaontas	ˈ a ˈ sˠ eː n̻ˠ t̪ˠ ə sˠ
é	ˈ eː
éigean	ˈ eː ɟ ə n̻ˠ
éigin	ˈ eː ɟ ə nʲ
éileamh	ˈ eː lʲ ə
eile	ˈ e lʲ ə
éirim	ˈ eː ɾʲ ə mʲ
éis	ˈ eː ʃ
eisean	ˈ e ʃ ə n̻ˠ
éisteacht	ˈ eː ʃ tʲ ə x t̪ˠ
fada	ˈ fˠ a d̪ˠ ə
fad	ˈ fˠ a d̪ˠ
fadó	ˈ fˠ a d̪ˠ oː
fágadh	ˈ fˠ aː ɡ uː
fágfar	ˈ fˠ aː ɡ fˠ ə ɾˠ
fágtha	ˈ fˠ aː k ə
fáibrí	ˈ fˠ aː bʲ ɾʲ iː
faid	ˈ fˠ a dʲ
faille	ˈ fˠ a l̻ʲ ə
fáilteach	ˈ fˠ aː lʲ tʲ ə x
faire	ˈ fˠ a ɾʲ ə
fairsing	ˈ fˠ a ɾˠ ʃ ə ɲ
fanfaidh	ˈ fˠ a n̻ˠ ə
fás	ˈ fˠ aː sˠ
feabhas	ˈ fʲ au sˠ
feaca	ˈ fʲ a k ə
féachaint	ˈ fʲ eː x ə nʲ tʲ
féach	ˈ fʲ eː x
féadadh	ˈ fʲ eː d̪ˠ ə
fead	ˈ fʲ a d̪ˠ
feadh	ˈ fʲ a
feall	ˈ fʲ aː l̻ˠ
fearaibh	ˈ fʲ a ɾˠ ə vʲ
fear	ˈ fʲ a ɾˠ
féar	ˈ fʲ eː ɾˠ
fearr	ˈ fʲ aː ɾˠ
feiceadh	ˈ fʲ e c ə
féidir	ˈ fʲ eː dʲ ə ɾʲ
féin	ˈ fʲ eː nʲ
feirme	ˈ fʲ e ɾʲ ə mʲ ə
feirm	ˈ fʲ e ɾʲ ə mʲ
feitheamh	ˈ fʲ e h ə
fhada	ˈ a d̪ˠ ə
fhág	ˈ aː ɡ
fhaid	ˈ a dʲ
fhairsing	ˈ a ɾˠ ʃ ə ɲ
fhanadh	ˈ a n̻ˠ ə
fhan	ˈ a n̻ˠ
fhásfaidh	ˈ aː sˠ ə
fheaca	ˈ a k ə
fhéachaint	ˈ eː x ə nʲ tʲ
fhéach	ˈ eː x
fhéadadh	ˈ eː d̪ˠ ə
fhéadaidís	ˈ eː d̪ˠ ə dʲ iː ʃ
fhéadainn	ˈ eː d̪ˠ ə n̻ʲ
fheadar	ˈ a d̪ˠ ə ɾˠ
fhéadfadh	ˈ eː t̪ˠ ə x
fhéadfainn	ˈ eː d̪ˠ ə n̻ʲ
fhéad	ˈ eː d̪ˠ
fhear	ˈ a ɾˠ
fhearr	ˈ aː ɾˠ
fhéidir	ˈ eː dʲ ə ɾʲ
fhéir	ˈ eː ɾʲ
fheirm	ˈ e ɾʲ ə mʲ
fheoil	ˈ oː lʲ
fhios	ˈ i sˠ
fhir	ˈ i ɾʲ
fhiú	ˈ ç uː
fhocal	ˈ o k ə l̻ˠ
fholáir	ˈ o ˈ l̻ˠ aː ɾʲ
fhonn	ˈ uː n̻ˠ
fhreagair	ˈ ɾʲ a ɡ ə ɾʲ
fhreagairt	ˈ ɾʲ a ɡ ə ɾˠ tʲ
fhreagra	ˈ ɾʲ a ɡ ɾˠ ə
fhuachta	ˈ uˑə x t̪ˠ ə
fhuacht	ˈ uˑə x t̪ˠ
fial	ˈ fʲ iˑə l̻ˠ
fichead	ˈ fʲ i h ə d̪ˠ
fiche	ˈ fʲ i h ə
fichid	ˈ fʲ i h ə dʲ
file	ˈ fʲ i lʲ ə
fill	ˈ fʲ i l̻ʲ
fillte	ˈ fʲ i l̻ʲ tʲ ə
fíor	ˈ fʲ iː ɾˠ
fir	ˈ fʲ i ɾʲ
firín	ˈ fʲ i ɾʲ iː nʲ
fírinne	ˈ fʲ iː ɾʲ ə n̻ʲ ə
fiú	ˈ fʲ uː
fliuch	ˈ fʲ lʲ u x
flúirseach	ˈ fˠ l̻ˠ uː ɾʲ ʃ ə x
focail	ˈ fˠ o k ə lʲ
focal	ˈ fˠ o k ə l̻ˠ
foláine	ˈ fˠ o ˈ l̻ˠ aː nʲ ə
foláir	ˈ fˠ o ˈ l̻ˠ aː ɾʲ
folamh	ˈ fˠ o l̻ˠ ə
formhór	ˈ fˠ o ɾˠ ˌ vˠ oː ɾˠ
fós	ˈ fˠ oː sˠ
fraoch	ˈ fˠ ɾˠ iː x
freagairt	ˈ fʲ ɾʲ a ɡ ə ɾˠ tʲ
freagra	ˈ fʲ ɾʲ a ɡ ɾˠ ə
fuaid	ˈ fˠ uˑə dʲ
fuair	ˈ fˠ uˑə ɾʲ
fuar	ˈ fˠ uˑə ɾˠ
fuat	ˈ fˠ uˑə t̪ˠ
fuath	ˈ fˠ uˑə
fuinneamh	ˈ fˠ i n̻ʲ ə
fuinnimh	ˈ fˠ i n̻ʲ ə vʲ
gabhadh	ˈ ɡ au uː
gabháil	ˈ ɡ oː lʲ
gabhair	ˈ ɡ au ɾʲ
gabhar	ˈ ɡ au ɾˠ
gach	ˈ ɡ a x
gadhar	ˈ ɡ ai ɾˠ
gairbhéal	ˈ ɡ a ɾʲ ə vʲ eː l̻ˠ
gairbhéil	ˈ ɡ a ɾʲ ə vʲ eː lʲ
gáire	ˈ ɡ aː ɾʲ ə
gáirí	ˈ ɡ aː ɾʲ iː
gairid	ˈ ɡ a ɾʲ ə dʲ
gais	ˈ ɡ a ʃ
galánta	ˈ ɡ u l̻ˠ aː n̻ˠ t̪ˠ ə
galar	ˈ ɡ a l̻ˠ ə ɾˠ
galúinín	ˈ ɡ a l̻ˠ uː nʲ iː nʲ
galún	ˈ ɡ a l̻ˠ uː n̻ˠ
gan	ˈ ɡ a n̻ˠ
gandail	ˈ ɡ a n̻ˠ d̪ˠ ə lʲ
gandal	ˈ ɡ a n̻ˠ d̪ˠ ə l̻ˠ
gaol	ˈ ɡ iː l̻ˠ
garaidhthibh	ˈ ɡ a ˈ ɾˠ ai h ə vʲ
garbh	ˈ ɡ a ɾˠ ə vˠ
garsúinín	ˈ ɡ a ɾˠ ˈ sˠ uː nʲ iː nʲ
garsún	ˈ ɡ a ɾˠ ˈ sˠ uː n̻ˠ
gcaidhséar	ˈ ɡ ai ʃ eː ɾˠ
gcailíní	ˈ ɡ a lʲ iː nʲ iː
gcaint	ˈ ɡ a nʲ tʲ
gcaisleán	ˈ ɡ i ʃ lʲ aː n̻ˠ
gcaitheamh	ˈ ɡ a ˌ h ə
gcaithfeadh	ˈ ɡ a h ə ɾˠ
gcara	ˈ ɡ a ɾˠ ə
gcaraigreach	ˈ ɡ a ɾˠ ə ɟ ɾʲ ə x
gcasadh	ˈ ɡ a sˠ ə
gcás	ˈ ɡ aː sˠ
gceachtana	ˈ ɟ a x t̪ˠ ə n̻ˠ ə
gceacht	ˈ ɟ a x t̪ˠ
gcéad	ˈ ɟ eː d̪ˠ
gcéadta	ˈ ɟ eː t̪ˠ ə
gceannas	ˈ ɟ a n̻ˠ ə sˠ
gceann	ˈ ɟ a n̻ˠ
gceart	ˈ ɟ a ɾˠ t̪ˠ
gceist	ˈ ɟ e ʃ tʲ
gcine	ˈ ɟ i nʲ ə
gcionn	ˈ ɟ iˑə n̻ˠ
gcíos	ˈ ɟ iː sˠ
gcirt	ˈ ɟ i ɾˠ tʲ
gclár	ˈ ɡ l̻ˠ aː ɾˠ
gcloch	ˈ ɡ l̻ˠ o x
gcnuicín	ˈ ɡ n̻ˠ i c iː nʲ
gcogaí	ˈ ɡ o ɡ iː
gcóir	ˈ ɡ oː ɾʲ
gcomparáid	ˈ ɡ o mˠ pˠ ə ɾˠ aː dʲ
gcorp	ˈ ɡ o ɾˠ pˠ
gcreideamh	ˈ ɟ ɾʲ e dʲ ə
gcrích	ˈ ɟ ɾʲ iː
gcrochfaí	ˈ ɡ ɾˠ o x fˠ iː
gcró	ˈ ɡ ɾˠ oː
gcuid	ˈ ɡ i dʲ
gcúig	ˈ ɡ uː ɟ
gcuimhne	ˈ ɡ i i vʲ nʲ ə
gcúinne	ˈ ɡ uː n̻ʲ ə
gcuirfeadh	ˈ ɡ i ɾʲ ə x
gcúl	ˈ ɡ uː l̻ˠ
gcuma	ˈ ɡ u mˠ ə
geala	ˈ ɟ a l̻ˠ ə
geall	ˈ ɟ aː l̻ˠ
gearachaile	ˈ ɟ a ɾˠ ə x ə lʲ ə
géara	ˈ ɟ eː ɾˠ ə
géarchúiseach	ˈ ɟ eː ɾˠ ˈ x uː ʃ ə x
géar	ˈ ɟ eː ɾˠ
geimhrigh	ˈ ɟ e vʲ ɾʲ ə
géire	ˈ ɟ eː ɾʲ ə
ghabháil	ˈ ɣ au aː lʲ
ghabhar	ˈ ɣ au ɾˠ
gháir	ˈ ɣ aː ɾʲ
ghairbéal	ˈ ɣ a ɾʲ ə bʲ eː l̻ˠ
ghairbhéal	ˈ ɣ a ɾʲ ə vʲ eː l̻ˠ
gháire	ˈ ɣ aː ɾʲ ə
gháirí	ˈ ɣ aː ɾʲ iː
gháiridís	ˈ ɣ aː ɾʲ ə dʲ iː ʃ
ghairm	ˈ ɣ a ɾʲ ə mʲ
ghalar	ˈ ɣ a l̻ˠ ə ɾˠ
ghana-chúiseach	ˈ ɣ a n̻ˠ ə ˈ x uː ʃ ə x
ghandail	ˈ ɣ a n̻ˠ d̪ˠ ə lʲ
gharbh	ˈ ɣ a ɾˠ ə vˠ
gharsúin	ˈ ɣ a ɾˠ ˈ sˠ uː nʲ
gharsún	ˈ ɣ a ɾˠ ˈ sˠ uː n̻ˠ
ghas	ˈ ɣ a sˠ
ghealacán	ˈ j a l̻ˠ ə k aː n̻ˠ
gheall	ˈ j a l̻ˠ
ghearfadh	ˈ j a ɾˠ ə x
ghé	ˈ j eː
ghiora	ˈ j i ɾˠ ə
ghiorra	ˈ j i ɾˠ ə
ghlacadh	ˈ ɣ l̻ˠ a k ə
ghlacaidís	ˈ ɣ l̻ˠ a k ə dʲ iː ʃ
ghlacfaidís	ˈ ɣ l̻ˠ a k ə dʲ iː ʃ
ghlais	ˈ ɣ l̻ˠ a ʃ
ghlanadh	ˈ ɣ l̻ˠ a n̻ˠ ə
ghlan	ˈ ɣ l̻ˠ a n̻ˠ
ghlór	ˈ ɣ l̻ˠ oː ɾˠ
ghluais	ˈ ɣ l̻ˠ uˑə ʃ
ghlúin	ˈ ɣ l̻ˠ uː nʲ
ghlún	ˈ ɣ l̻ˠ uː n̻ˠ
ghnímh	ˈ j nʲ iː vʲ
ghníomh	ˈ j nʲ iː vˠ
ghnó	ˈ ɣ n̻ˠ oː
ghnúis	ˈ ɣ n̻ˠ uː ʃ
ghoileadar	ˈ ɣ o lʲ ə d̪ˠ ə ɾˠ
ghoile	ˈ ɣ o lʲ ə
ghoill	ˈ ɣ iː l̻ʲ
ghráin	ˈ ɣ ɾˠ aː nʲ
ghreim	ˈ j ɾʲ ai mʲ
ghualainn	ˈ ɣ uˑə l̻ˠ ə n̻ʲ
ghustal	ˈ ɣ u sˠ t̪ˠ ə l̻ˠ
glan	ˈ ɡ l̻ˠ a n̻ˠ
glasa	ˈ ɡ l̻ˠ a sˠ ə
glas	ˈ ɡ l̻ˠ a sˠ
gléigeal	ˈ ɟ lʲ eː ˈ i ɟ ə l̻ˠ
gléineach	ˈ ɟ lʲ eː ˈ i nʲ ə x
glúin	ˈ ɡ l̻ˠ uː nʲ
glún	ˈ ɡ l̻ˠ uː n̻ˠ
gnáth	ˈ ɡ n̻ˠ aː
gníomhartha	ˈ ɟ nʲ iː vˠ ə ɾ̥ˠ ə
gníomh	ˈ ɟ nʲ iː vˠ
gnó	ˈ ɡ n̻ˠ oː
go	ɡ ə
goile	ˈ ɡ o lʲ ə
gol	ˈ ɡ o l̻ˠ
gorta	ˈ ɡ o ɾˠ t̪ˠ ə
gort	ˈ ɡ au ɾˠ t̪ˠ
gráinne	ˈ ɡ ɾˠ aː n̻ʲ ə
greim	ˈ ɟ ɾʲ ai mʲ
gruth	ˈ ɡ ɾˠ u
gura	ˈ ɡ u ɾˠ ə
gur	ɡ ə ɾˠ
gustal	ˈ ɡ u sˠ t̪ˠ ə l̻ˠ
h-airightí	ˈ h a ɾʲ ə tʲ iː
h-anspianta	ˈ h a n̻ˠ ˈ sˠ pʲ iˑə n̻ˠ t̪ˠ ə
h-ínnseadh	ˈ h iː n̻ʲ ʃ ə
h-oídhcheanta	ˈ h iː j ç ə n̻ˠ t̪ˠ ə
iad	ˈ iˑə d̪ˠ
iadsan	ˈ iˑə d̪ˠ sˠ ə n̻ˠ
iarainn	ˈ iˑə ɾˠ ə n̻ʲ
iasachta	ˈ iˑə sˠ ə x t̪ˠ ə
idir	ˈ i dʲ ə ɾʲ
i	i
í	ˈ iː
ime	ˈ i mʲ ə
iniúchadh	ˈ i nʲ uː x ə
inti	ˈ i nʲ tʲ ə
iomarca	ˈ u mˠ ə ɾˠ k ə
ionam	ˈ i n̻ˠ ə mˠ
iothlainn	ˈ i h l̻ˠ ə n̻ʲ
íseal	ˈ iː ʃ ə l̻ˠ
is	i sˠ
isteach	ə ʃ ˈ tʲ a x
istigh	ə ʃ ˈ tʲ i
ithe	ˈ i h ə
ith	ˈ i h
labhair	ˈ l̻ˠ au ɾʲ
labhairt	ˈ l̻ˠ au ɾˠ tʲ
labhartha	ˈ l̻ˠ au ɾ̥ˠ h ə
lae	ˈ l̻ˠ eː
laethanta	ˈ l̻ˠ eː h ə n̻ˠ t̪ˠ ə
lagachar	ˈ l̻ˠ a ˈ ɡ a x ə ɾˠ
lag	ˈ l̻ˠ a ɡ
láidir	ˈ l̻ˠ aː dʲ ə ɾʲ
laige	ˈ l̻ˠ a ɟ ə
láimh	ˈ l̻ˠ aː vʲ
láimhseáil	ˈ l̻ˠ aː vʲ ʃ aː lʲ
laistiar	ˈ l̻ˠ a ʃ tʲ iˑə ɾˠ
laistigh	ˌ l̻ˠ a ˈ ʃ tʲ i
láithreach	ˈ l̻ˠ aː ɾ̥ʲ ə x
lá	ˈ l̻ˠ aː
lámhach	ˈ l̻ˠ aː vˠ ə x
lámha	ˈ l̻ˠ aː vˠ ə
lámhfad	ˈ l̻ˠ aː vˠ ˈ fˠ a d̪ˠ
lámh	ˈ l̻ˠ aː vˠ
lán	ˈ l̻ˠ aː n̻ˠ
laoghaire	ˈ l̻ˠ iː ɾʲ ə
lár	ˈ l̻ˠ aː ɾˠ
lasadh	ˈ l̻ˠ a sˠ ə
lastoir	ˈ l̻ˠ a sˠ t̪ˠ ə ɾʲ
lastuaidh	ˈ l̻ˠ a sˠ t̪ˠ uˑə j
láthair	ˈ l̻ˠ aː h ə ɾʲ
leaba	ˈ l̻ʲ a bˠ ə
leabhair	ˈ l̻ʲ au ɾʲ
leabhar	ˈ l̻ʲ au ɾˠ
leagadh	ˈ l̻ʲ a ɡ uː
leanadar	ˈ l̻ʲ a n̻ˠ ə d̪ˠ ə ɾˠ
leanadh	ˈ l̻ʲ a n̻ˠ ə
leanbh	ˈ l̻ʲ a n̻ˠ ə vˠ
lean	ˈ l̻ʲ a n̻ˠ
léas	ˈ l̻ʲ eː sˠ
leathadh	ˈ l̻ʲ a h ə
leathan	ˈ l̻ʲ a h ə n̻ˠ
leath-bhata	ˈ l̻ʲ a ˈ vˠ a t̪ˠ ə
leath-bhfabhar	ˈ l̻ʲ a ˈ vˠ aː vʲ ə ɾˠ
leath	ˈ l̻ʲ a
leat	ˈ l̻ʲ a t̪ˠ
leictheacht	ˈ l̻ʲ e c h ə x t̪ˠ
léi	ˈ lʲ ei
léim	ˈ l̻ʲ eː mʲ
léir	ˈ l̻ʲ eː ɾʲ
leis	ˈ lʲ e ʃ
léis	ˈ l̻ʲ eː ʃ
leithéid	ˈ l̻ʲ e h eː dʲ
leith	ˈ l̻ʲ e h
le	lʲ ə
leo	ˈ lʲ oː
liathróidí	ˈ lʲ iˑə ɾ̥ˠ oː dʲ iː
liathróidín	ˈ l̻ʲ iˑə ˈ ɾˠ oː ˈ i dʲ iː nʲ
liathróid	ˈ lʲ iˑə ɾ̥ˠ oː dʲ
lín	ˈ l̻ʲ iː nʲ
linn	ˈ lʲ i n̻ʲ
liom	ˈ lʲ u mˠ
líon	ˈ l̻ʲ iː n̻ˠ
líonmhara	ˈ l̻ʲ iː n̻ˠ vˠ ə ɾˠ ə
liúireach	ˈ l̻ʲ uː ɾʲ ə x
lobhadh	ˈ l̻ˠ oː vˠ ə
loch	ˈ l̻ˠ o x
loingeas	ˈ l̻ˠ o ɲ ə sˠ
loit	ˈ l̻ˠ o tʲ
loma	ˈ l̻ˠ o mˠ ə
lom	ˈ l̻ˠ o mˠ
long	ˈ l̻ˠ o ŋ
lorg	ˈ l̻ˠ o ɾˠ ə ɡ
luath	ˈ l̻ˠ uˑə
luigh	ˈ l̻ˠ ai
lútáil	ˈ l̻ˠ uː t̪ˠ aː lʲ
macántacht	ˈ mˠ a k aː n̻ˠ t̪ˠ ə x t̪ˠ
macánta	ˈ mˠ u k aː n̻ˠ t̪ˠ ə
mac	ˈ mˠ a k
magaidh	ˈ mˠ a ɡ ə
maidin	ˈ mˠ a dʲ ə nʲ
maigne	ˈ mˠ a ɟ nʲ ə
maireadh	ˈ mˠ a ɾʲ ə
mairfidh	ˈ mˠ a ɾʲ ə
maith	ˈ mˠ a
má	ˈ mˠ aː
mám	ˈ mˠ aː mˠ
marbh	ˈ mˠ a ɾˠ ə vˠ
mar	ˈ mˠ a ɾˠ
mathair	ˈ mˠ a h ə ɾʲ
máthair	ˈ mˠ aː h ə ɾʲ
mathar	ˈ mˠ a h ə ɾˠ
mbaile	ˈ mˠ a lʲ ə
mbainfí	ˈ mˠ a nʲ fʲ iː
mbainne	ˈ mˠ a n̻ʲ ə
mba	ˈ mˠ a
mban	ˈ mˠ a n̻ˠ
mbara	ˈ mˠ a ɾˠ ə
mbata	ˈ mˠ a t̪ˠ ə
mbéad	ˈ mʲ eː d̪ˠ
mbeag	ˈ mʲ ə ɡ
mbeatha	ˈ mʲ a h ə
mbeidh	ˈ mʲ ei
mbeirt	ˈ mʲ e ɾˠ tʲ
mbínn	ˈ mʲ iː n̻ʲ
mbíodh	ˈ mʲ iː x
mbliana	ˈ mʲ lʲ iˑə n̻ˠ ə
mbocht	ˈ mˠ o x t̪ˠ
mbó	ˈ mˠ oː
mbothán	ˈ mˠ o h aː n̻ˠ
mbóthar	ˈ mˠ oː h ə ɾˠ
mbraon	ˈ mˠ ɾˠ iː n̻ˠ
meadhg	ˈ mʲ ai ɡ
mealladh	ˈ mʲ a l̻ˠ ə
measaim	ˈ mʲ a sˠ ə mʲ
measa	ˈ mʲ a sˠ ə
meas	ˈ mʲ a sˠ
meathán	ˈ mʲ a h aː n̻ˠ
meat	ˈ mʲ a t̪ˠ
méid	ˈ mʲ eː dʲ
mé	ˈ mʲ e
mhac	ˈ vˠ a k
mhairbh	ˈ vˠ a ɾʲ ə vʲ
mhaireadh	ˈ vˠ a ɾʲ ə
mhair	ˈ vˠ a ɾʲ
mhaise	ˈ vˠ a ʃ ə
mháistiribh	ˈ vˠ aː ʃ tʲ ə ɾʲ ə vʲ
mhaithe	ˈ vˠ a h ə
mhaith	ˈ vˠ a
mhalairt	ˈ vˠ a l̻ˠ ə ɾˠ tʲ
mháthair	ˈ vˠ aː h ə ɾʲ
mháthar-sa	ˈ vˠ aː h ə ɾˠ sˠ ə
mháthar	ˈ vˠ aː h ə ɾˠ
mheabhair	ˈ vʲ au ɾʲ
mhéar	ˈ vʲ eː ɾˠ
mheas	ˈ vʲ a sˠ
mhéid	ˈ vʲ eː dʲ
mhíle	ˈ vʲ iː lʲ ə
mhinic	ˈ vʲ i nʲ ə c
mhion	ˈ vʲ i n̻ˠ
mhí	ˈ vʲ iː
mhná	ˈ vˠ ɾˠ aː
mhóra	ˈ vˠ oː ɾˠ ə
mhór	ˈ vˠ oː ɾˠ
mhó	ˈ vˠ oː
mhúineadh	ˈ vˠ uː nʲ ə
mhuineál	ˈ vˠ i nʲ aː l̻ˠ
mhuintir	ˈ vˠ iː nʲ tʲ ə ɾʲ
mhuin	ˈ vˠ i nʲ
mhullach	ˈ vˠ u l̻ˠ ə x
mí-fholáin	ˈ mʲ iː ˈ o ˈ l̻ˠ aː nʲ
míle	ˈ mʲ iː lʲ ə
mílte	ˈ mʲ iː lʲ tʲ ə
mí	ˈ mʲ iː
minic	ˈ mʲ i nʲ ə c
miona	ˈ mʲ i n̻ˠ ə
mion	ˈ mʲ i n̻ˠ
mion-uaisle	ˈ mʲ i ˈ n̻ˠ uˑə ʃ lʲ ə
mion-uaislibh	ˈ mʲ i ˈ n̻ˠ uˑə ʃ lʲ ə vʲ
mise	ˈ mʲ i ʃ ə
mná	ˈ mˠ ɾˠ aː
mo	mˠ ə
móra	ˈ mˠ oː ɾˠ ə
mórán	ˈ mˠ oː ɾˠ aː n̻ˠ
mór	ˈ mˠ oː ɾˠ
múchta	ˈ mˠ uː x t̪ˠ ə
múineadh	ˈ mˠ uː nʲ ə
múinte	ˈ mˠ uː nʲ tʲ ə
múintí	ˈ mˠ uː nʲ tʲ iː
muintir	ˈ mˠ iː n̻ʲ tʲ ə ɾʲ
murabh	ˈ mˠ u ɾˠ ə
murab	ˈ mˠ u ɾˠ ə bˠ
mura	ˈ mˠ u ɾˠ ə
murar	ˈ mˠ u ɾˠ ə ɾˠ
n-aghaidh	ˈ n̻ˠ ai
n-aigne	ˈ n̻ˠ a ɟ nʲ ə
náire	ˈ n̻ˠ aː ɾʲ ə
n-ais	ˈ n̻ˠ a ʃ
n-áit	ˈ n̻ˠ aː tʲ
namhad	ˈ n̻ˠ au d̪ˠ
namhaid	ˈ n̻ˠ au dʲ
n-am	ˈ n̻ˠ aː mˠ
ná	ˈ n̻ˠ aː
n-anam	ˈ n̻ˠ a n̻ˠ ə mˠ
na	n̻ˠ ə
n-aoibhneas	ˈ n̻ˠ iː vʲ nʲ ə sˠ
naoi	ˈ n̻ˠ iː
naomh	ˈ n̻ˠ iː vˠ
n-ár	ˈ n̻ˠ aː ɾˠ
nár	ˈ n̻ˠ aː ɾˠ
n-ar	ˈ n̻ˠ e ɾʲ
ndaoine	ˈ n̻ˠ iː nʲ ə
ndéanamh	ˈ n̻ʲ eː n̻ˠ ə
ndéanfadh	ˈ n̻ʲ eː n̻ˠ ə x
ndéanfaí	ˈ n̻ʲ eː n̻ˠ fˠ iː
ndéarfadh	ˈ nʲ eː ɾˠ ə x
ndear	ˈ n̻ʲ a ɾˠ
ndeigheadar	ˈ n̻ʲ ai d̪ˠ ə ɾˠ
ndeirtí	ˈ n̻ʲ e ɾˠ tʲ iː
ndiúltuighdís	ˈ n̻ʲ uː l̻ˠ t̪ˠ ə j dʲ iː ʃ
nduine	ˈ n̻ˠ i nʲ ə
neamhamhgarach	ˈ n̻ʲ a ˈ vˠ au ɡ ə ɾˠ ə x
neamhchiontacht	ˈ n̻ʲ a vˠ ˈ ç u n̻ˠ t̪ˠ ə x t̪ˠ
neamhshlacht	ˈ n̻ʲ a vˠ ˈ l̻̊ˠ a x t̪ˠ
neamhspleadhac	ˈ n̻ʲ a vˠ ˈ sˠ pʲ lʲ ai ə k
neart	ˈ n̻ʲ a ɾˠ t̪ˠ
ngadhar	ˈ ŋ ai ɾˠ
ngairbhéal	ˈ ŋ a ɾʲ ə vʲ eː l̻ˠ
ngandal	ˈ ŋ a n̻ˠ d̪ˠ ə l̻ˠ
ngarsún	ˈ ŋ a ɾˠ ˈ sˠ uː n̻ˠ
ngéire	ˈ ɲ eː ɾʲ ə
ngnó	ˈ ŋ n̻ˠ oː
ní	ˈ n̻ʲ iː
níor	ˈ n̻ʲ iː ɾˠ
níos	ˈ n̻ʲ iː sˠ
nirt	ˈ n̻ʲ i ɾˠ tʲ
n-ithe	ˈ n̻ʲ i h ə
nocht	ˈ n̻ˠ o x t̪ˠ
nóin	ˈ n̻ˠ uː nʲ
nó	ˈ n̻ˠ uː
noscail	ˈ n̻ˠ o sˠ k ə lʲ
nuair	ˈ n̻ˠ uˑə ɾʲ
nua	ˈ n̻ˠ uː
n-uasal	ˈ n̻ˠ uˑə sˠ ə l̻ˠ
obair	ˈ o bˠ ə ɾʲ
ochtar	ˈ o x t̪ˠ ə ɾˠ
ocht	ˈ o x t̪ˠ
ocrais	ˈ u k ɾˠ ə ʃ
ocras	ˈ o k ɾˠ ə sˠ
óga	ˈ oː ɡ ə
óg	ˈ oː ɡ
oibre	ˈ ai bʲ ɾʲ ə
oilte	ˈ o lʲ tʲ ə
oiread	ˈ e ɾʲ ə d̪ˠ
olc	ˈ o l̻ˠ k
ollamh	ˈ o l̻ˠ ə vˠ
ó	ˈ oː
oraibh	ˈ o ɾˠ iː
orm	ˈ o ɾˠ ə mˠ
ortha	ˈ au ɾ̥ˠ ə
ort	ˈ o ɾˠ t̪ˠ
os	ˈ o sˠ
páirce	ˈ pˠ aː ɾʲ c ə
páirc	ˈ pˠ aː ɾʲ c
peadar	ˈ pʲ a d̪ˠ ə ɾˠ
pé	ˈ pʲ eː
pháirc	ˈ fˠ aː ɾʲ c
pháirt	ˈ fˠ aː ɾˠ tʲ
pharóiste	ˈ fˠ a ɾˠ oː ʃ tʲ ə
phioc	ˈ fʲ u k
phóca	ˈ fˠ oː k ə
pholl	ˈ fˠ au l̻ˠ
phortaigh	ˈ fˠ au ɾˠ t̪ˠ ə
phort	ˈ fˠ o ɾˠ t̪ˠ
phós	ˈ fˠ oː sˠ
phrátaí	ˈ fˠ ɾˠ aː t̪ˠ iː
phriocfaidís	ˈ fʲ ɾʲ i k ə dʲ iː ʃ
piocadh	ˈ pʲ u k ə
plaoisgeana	ˈ pˠ l̻ˠ iː ʃ ɟ ə n̻ˠ ə
poll	ˈ pˠ au l̻ˠ
