abair	a bˠ ə ɾʲ
ábalta	aː bˠ ə lˠ t̪ˠ ə
ab	ə bˠ
abhaile	ə vˠ a lʲ ə
ach	a x
acu	ə k u
adúbradh	a d̪ˠ uː bˠ ɾˠ ə
a	ə
agaibh	ə ɡ i vʲ
againn	ə ɡ i nʲ
agam	ə ɡ u mˠ
agat	ə ɡ u t̪ˠ
ag	ə ɟ
aghaidh	ai ɟ
agus	a ɡ ə sˠ
aici	e c ə
aicme	a c mʲ ə
aidhm	ai mʲ
aige	e ɟ ə
aighneas	ai nʲ ə sˠ
aighnis	ai nʲ ə ʃ
aigne	a ɟ ə nʲ ə
áil	aː lʲ
áilleacht	aː lʲ ə x t̪ˠ
aimsir	ai mʲ ʃ ə ɾʲ
aimsire	ai mʲ ʃ ə ɾʲ ə
aingeal	a ɲ ə lˠ
airc	a ɾʲ c
air	e ɾʲ
airgead	a ɾʲ ə ɟ ə d̪ˠ
airigh	a ɾʲ i ɟ
airighdís	a ɾʲ i ɟ dʲ iː ʃ
ais	a ʃ
aisti	a ʃ tʲ ə
ait	a tʲ
áit	aː tʲ
aitean	a tʲ ə nˠ
aithne	a h ə nʲ ə
allta	au lˠ t̪ˠ ə
alltacht	au lˠ t̪ˠ ə x t̪ˠ
amach	ə mˠ a x
amháin	ə vˠ aː nʲ
amhlaidh	au lˠ i ɟ
amhras	au ɾˠ ə sˠ
amú	ə mˠ uː
ana	a nˠ ə
anacair	a nˠ ə k ə ɾʲ
anall	ə nˠ au lˠ
anama	a nˠ a mˠ ə
anam	a nˠ ə mˠ
an	ə nˠ
an-bheag	a nˠ ə vʲ ə ɡ
an-mhór	a nˠ ə vˠ uː ɾˠ
an-mhaith	a nˠ ə vˠ a
aníos	ə nʲ iː sˠ
ann	au nˠ
anois	ə nˠ i ʃ
anonn	ə nˠ uː nˠ
anuas	ə nˠ uˑə sˠ
aoirde	iː ɾˠ dʲ ə
aon	eː nˠ
aos	eː sˠ
ár	aː ɾˠ
aráin	ə ɾˠ aː nʲ
arán	ə ɾˠ aː nˠ
araon	ə ɾˠ eː nˠ
arbhair	a ɾˠ ə vˠ ə ɾʲ
ar	ə ɾˠ
arm	a ɾˠ ə mˠ
armáil	 a ɾˠ ə mˠ aː lʲ
arsa	ə ɾˠ sˠ ə
arsan	a ɾˠ sˠ ə nˠ
as	a sˠ
atá	ə t̪ˠ aː
atáim	ə t̪ˠ aː mʲ
athair	a h ə ɾʲ
athar	a h ə ɾˠ
áthas	aː h ə sˠ
ath-léighte	a lʲ eː j tʲ ə
ba	bˠ ə
bac	bˠ a k
baclainn	bˠ a k lˠ ə nʲ
bácús	bˠ aː k uː sˠ
baile	bˠ a lʲ ə
baineadh	bˠ i nʲ ə x
báine	bˠ aː nʲ ə
bainne	bˠ a nʲ ə
baint	bˠ i nʲ tʲ
bainte	bˠ i nʲ tʲ ə
báis	bˠ aː ʃ
balcais	bˠ a lˠ k ə ʃ
ball	bˠ au lˠ
b'amhlaidh	bˠ au lˠ ə
bána	bˠ aː nˠ ə
ban	bˠ a nˠ
bán	bˠ aː nˠ
b'ar	bˠ ə ɾˠ
bás	bˠ aː sˠ
bata	bˠ a t̪ˠ ə
beaga	bʲ o ɡ ə
beagáinín	bʲ ə ɡ aː nʲ iː nʲ
beagán	bʲ o ɡ aː nˠ
beag	bʲ o ɡ
béal	bʲ iˑə lˠ
bean	bʲ a nˠ
beannacht	bʲ ə nˠ a x t̪ˠ
beann	bʲ au nˠ
bearna	bʲ aː ɾˠ nˠ ə
bearnach	bʲ ə ɾˠ nˠ a x
beatha	bʲ a h ə
b'é	bʲ eː
beidh	bʲ e
beidh(1)	bʲ e ɟ
b'éigean	bʲ eː ɟ ə nˠ
béil	bʲ eː lʲ
béile	bʲ eː lʲ ə
beirt	bʲ e ɾˠ tʲ
beo	bʲ oː
b'fhearr	bʲ au ɾˠ
b'fhéidir	bʲ eː dʲ ə ɾʲ
bhácáil	vˠ aː k aː lʲ
bhácúis	vˠ aː k uː ʃ
bhaile	vˠ a lʲ ə
bhail	vˠ a lʲ
bhainfeadh	vˠ i nʲ ə x
bhaint	vˠ i nʲ tʲ
bhairille	vˠ a ɾʲ ə lʲ ə
bháis	vˠ aː ʃ
bhall	vˠ au lˠ
bhán	vˠ aː nˠ
bharántas	vˠ a ɾˠ aː nˠ t̪ˠ ə sˠ
bhara	vˠ a ɾˠ ə
bharúntacht	vˠ a ɾˠ uː nˠ t̪ˠ ə x t̪ˠ
bhata	vˠ a t̪ˠ ə
bheagán	 vʲ o  ɡ aː nˠ
bheag	 vʲ o ɡ
bhéal	 vʲ iˑə lˠ
bhean	 vʲ a nˠ
bhéarfadh	 vʲ iˑə  ɾ̥ˠ ə x
bhearna	 vʲ aː ɾˠ  nˠ ə
bheatha	 vʲ a  h ə
bhéiceas	vʲ eː c ə sˠ
bheidh	 vʲ ei ɟ
bheidh(1)	vʲ e ɟ
bheidís	 vʲ e  dʲ iː ʃ
bheifeá	 vʲ e  fʲ aː
bheinn	 vʲ e nʲ
bheirt	 vʲ e ɾʲ tʲ
bheith	 vʲ e h
bhfágadh	 vˠ aː  ɡ ə x
bhfanaidís	 vˠ a  nˠ ə  dʲ iː ʃ
bhfanfadh	 vˠ a  nˠ ə x
bhfeabhas	 vʲ au sˠ
bhfeaca	 vʲ a  k ə
bhféadfadh	 vʲ iˑə  t̪ˠ ə x
bhféadfaidís	 vʲ iˑə  t̪ˠ ə  dʲ iː ʃ
bhféadfaí	 vʲ iˑə t̪ˠ  fˠ iː
bhfear	 vʲ a ɾˠ
bhfeiceadh	 vʲ e  c ə
bhfeicfeadh	 vʲ e  c ə x
bhfeicinn	 vʲ e  c ə nʲ
bhfeidhm	 vʲ ai mʲ
bhfeirimitíbh	 vʲ e  ɾʲ ə  mʲ ə  tʲ iː vʲ
bhfeirm	 vʲ e  ɾʲ ə mʲ
bhfiacala	 vʲ iˑə  k ə  lˠ ə
bhfichidí	 vʲ i  ç ə  dʲ iː
bhfocal	 vˠ o  k ə l̻ˠ
bhfochair	 vˠ o  x ə ɾʲ
bhformhór	 vˠ o  ɾˠ ə  vˠ oː ɾˠ
bhfuair	 vˠ uˑə ɾʲ
bhfuil	 vˠ i lʲ
bhfuinneamh	 vˠ i  nʲ ə vˠ
bhídís	 vʲ iː  dʲ iː ʃ
bhig	 vʲ i ɟ
bhinn	 vʲ iː nʲ
bhínn	 vʲ iː nʲ
bhíodar	 vʲ iˑə  d̪ˠ ə ɾˠ
bhíodh	 vʲ iˑə x
bhí	 vʲ iː
bhlasta	 vˠ lˠ a sˠ  t̪ˠ ə
bhláth	 vˠ lˠ aː
bhliain	 vʲ lʲ iˑə nʲ
bhlúire	 vˠ lˠ uː  ɾʲ ə
bhotháin	 vˠ o  h aː nʲ
bhóthair	 vˠ oː  h ə ɾʲ
bhóthar	 vˠ oː  h ə ɾˠ
bhó	 vˠ oː
bhraiceal	 vˠ ɾˠ a  c ə lˠ
bhrath	 vˠ ɾˠ a h
bhreith	 vʲ ɾʲ e h
bhriseadh	 vʲ ɾʲ i  ʃ ə
bhriste	 vʲ ɾʲ i ʃ  tʲ ə
bhrollach	 vˠ ɾˠ o  lˠ a x
bhuachaill	 vˠ uˑə  x ə lʲ
bhuadhdar	 vˠ uˑə ɣ  d̪ˠ ə ɾˠ
bhuaileadh	 vˠ uˑə  lʲ ə
bhuailfeadh	 vˠ uˑə  lʲ ə x
bhuailinn-se	 vˠ uˑə  lʲ ə nʲ  ʃ e
bhuail	 vˠ uˑə lʲ
bhuaireamh	 vˠ uˑə  ɾʲ ə vˠ
bhuairt	 vˠ uˑə ɾˠ tʲ
bhualadh	 vˠ uˑə  lˠ ə
bhuartha	 vˠ uː ɾˠ  h ə
bhuile	 vˠ i  lʲ ə
bhuille	 vˠ i  lʲ ə
bhun	 vˠ u nˠ
bí	 bʲ iː
bíodh	 bʲ iˑə x
bioránach	 bʲ i  ɾˠ aː  nˠ ə x
bith	 bʲ i
bliain	 bʲ lʲ iˑə nʲ
bliana	 bʲ lʲ iˑə  nˠ ə
blianta	 bʲ lʲ iˑə nˠ  t̪ˠ ə
blúire	 bˠ lˠ uː  ɾʲ ə
bó	 bˠ oː
bochta	 bˠ o x  t̪ˠ ə
bocht	 bˠ o x t̪ˠ
bodhar	 bˠ au ɾˠ
b'óige	 bˠ oː  ɟ ə
bóithrín	 bˠ oː  ɾ̥ʲ iː nʲ
bóithrín	bˠ oː ɾ̥ʲ iː nʲ
bonn	bˠ au nˠ
bothán	bˠ ə h aː nˠ
bóthar	bˠ oː h ə ɾˠ
bpáirc	bˠ aː ɾʲ c
bpáircín	bˠ aː ɾʲ c iː nʲ
bpáirt	bˠ aː ɾˠ tʲ
bpoll	bˠ au lˠ
bportach	bˠ o ɾˠ t̪ˠ a x
bpráta	bˠ ɾˠ aː t̪ˠ ə
bprísúnach	bʲ ɾʲ iː sˠ uː nˠ ə x
braon	bˠ ɾˠ eː nˠ
brat	bˠ ɾˠ a t̪ˠ
breab	bʲ ɾʲ a bˠ
breac	bʲ ɾʲ a k
bréagacha	bʲ ɾʲ eː ɡ ə x ə
bréag	bʲ ɾʲ iˑə ɡ
breis	bʲ ɾʲ e ʃ
breith	bʲ ɾʲ e h
briogadáin	bʲ ɾʲ i ɡ ə d̪ˠ aː nʲ
briseadh	bʲ ɾʲ i ʃ ə
briste	bʲ ɾʲ i ʃ tʲ ə
bróga	bˠ ɾˠ oː ɡ ə
bróg	bˠ ɾˠ oː ɡ
bruach	bˠ ɾˠ uˑə x
buachaill	bˠ uˑə x ə lʲ
buachaillí	bˠ uˑə x ə lʲ iː
buadh	bˠ uˑə ɣ
buadhdar	bˠ uˑə ɣ d̪ˠ ə ɾˠ
buaileadh	bˠ uˑə lʲ ə x
buile	bˠ i lʲ ə
buille	bˠ i lʲ ə
bun	bˠ u nˠ
bunúsach	bˠ u nˠ uː sˠ ə x
cabáiste	k a bˠ aː ʃ tʲ ə
cad	k a d̪ˠ
cailíní	k a lʲ iː nʲ iː
cailín	k a lʲ iː nʲ
cainte	k ai nʲ tʲ ə
caint	k ai nʲ tʲ
caisleán	k u ʃ lʲ aː nˠ
caitheadh	k a h ə x
caitheamh	k a h ə vˠ
cá	k aː
caoi	k iː
caola	k eː lˠ ə
capall	k a pˠ ə lˠ
cár	k aː ɾˠ
casadh	k a sˠ ə
cás	k aː sˠ
casúr	k a sˠ uː ɾˠ
cathain	k a h ə nʲ
cathaoireach	k a h iː ɾʲ ə x
cath	k a h
cead	c a d̪ˠ
céad	c iˑə d̪ˠ
ceann	c au nˠ
ceaptí	c a pʲ tʲ iː
ceart	c a ɾˠ t̪ˠ
ceathair	c a h ə ɾʲ
ceathrar	c a h ə ɾ̥ˠ ə ɾˠ
cé	c eː
ceist	c e ʃ tʲ
ceiste	c e ʃ tʲ ə
chabáiste	x a bˠ aː ʃ tʲ ə
chaereach	x eː ɾʲ ə x
chailín	x a lʲ iː nʲ
chailleadh	x a lʲ ə x
chaill	x ai lʲ
cháil	x aː lʲ
chaint	x ai nʲ tʲ
chaisleáin	x u ʃ lʲ aː nʲ
chaisleán	x u ʃ lʲ aː nˠ
chaitheamh	x a h ə vˠ
chaithfeadh	x a h ə x
chaithidís	x a h ə dʲ iː ʃ
chaithinn	x a h ə nʲ
chaith	x a h
chaoi	x iː
chapall	x a pˠ ə lˠ
chasadh	x a sˠ ə
chathaoir	x a h iː ɾʲ
cheacht	ç a x t̪ˠ
chéad	ç iˑə d̪ˠ
cheannaigh	ç a nˠ i ɟ
cheann	ç au nˠ
cheart	ç a ɾˠ t̪ˠ
cheathrar	ç a h ə ɾˠ ə ɾˠ
cheile	ç e lʲ ə
chéile	ç eː lʲ ə
cheist	ç e ʃ tʲ
cheithre	ç e ɾʲ ə
chiall	ç iˑə lˠ
chiallmhar	ç iˑə lˠ vˠ ə ɾˠ
chíosa	ç iː sˠ ə
chíos	ç iː sˠ
chirte	ç i ɾˠ tʲ ə
chíste	ç iː ʃ tʲ ə
chlampar	x lˠ a mˠ pˠ ə ɾˠ
chlann	x lˠ au nˠ
chleamhnas	ç lʲ au nˠ ə sˠ
chliabháin	ç lʲ iˑə vˠ aː nʲ
chloch	x lˠ o x
chlós	x lˠ oː sˠ
chluas	x lˠ uˑə sˠ
chnapóigín	x nˠ a pˠ oː ɟ iː nʲ
chneasta	ç nʲ a sˠ t̪ˠ ə
chogadh	x o ɡ ə
choimeádaidís	x o mʲ aː d̪ˠ ə dʲ iː ʃ
choimeádfadh	x i mʲ aː t̪ˠ ə x
choimeád	x i mʲ aː d̪ˠ
choínleach	x iː nʲ lʲ ə x
choinne	x i nʲ ə
choir	x o ɾʲ
chóir	x oː ɾʲ
chois	x o ʃ
cholainn	x o lˠ ə nʲ
chómnuighe	x oː mˠ nˠ ə j ə
chomparáid	x o mˠ pˠ ə ɾˠ aː dʲ
chonaic	x nˠ i c
chorcáinín	x o ɾˠ k aː nʲ iː nʲ
chorp	x o ɾˠ pˠ
chor	x o ɾˠ
chosaint	x o sˠ ə nʲ tʲ
chosain	x o sˠ ə nʲ
chosa	x o sˠ ə
chos	x o sˠ
chreachadh	ç ɾʲ a x ə
chreach	ç ɾʲ a x
chreidimh	ç ɾ̥ʲ e dʲ i vʲ
chrích	ç ɾʲ iː
chrith	ç ɾʲ i
chrochadh	x ɾˠ o x ə
chroch	x ɾ̥ˠ o x
chrom	x ɾˠ au mˠ
chró	x ɾˠ oː
chruinne	x ɾˠ i nʲ ə
chruinnigh	x ɾˠ i nʲ i ɟ
chuadar	x uˑə d̪ˠ ə ɾˠ
chuaird	x uˑə ɾˠ dʲ
chuid	x i dʲ
chuige	x i ɟ ə
chúig	x uː ɟ
chúil	x uː lʲ
chuimhneamh	x iː nʲ ə vˠ
chúinne	x uː nʲ ə
chuireadh	x i ɾʲ ə x
chuirfeadh	x i ɾʲ ə x
chuiridís	x i ɾʲ ə dʲ iː ʃ
chuir	x i ɾʲ
chúis	x uː ʃ
chúl	x uː lˠ
chumas-sa	x u mˠ ə sˠ ə
chumas	x u mˠ ə sˠ
chuma	x u mˠ ə
chun	x u nˠ
chúrsa	x uː ɾˠ sˠ ə
chur	x u ɾˠ
ciall	c iˑə lˠ
cine	c i nʲ ə
cinn	c iː nʲ
cionn	c uː nˠ
ciontach	c u nˠ t̪ˠ a x
cíosa	c iː sˠ ə
cíos	c iː sˠ
ciotóige	c i t̪ˠ oː ɟ ə
císte	c iː ʃ tʲ ə
clainne	k lˠ i nʲ ə
clampair	k lˠ a mˠ pˠ ə ɾʲ
clampar	k lˠ a mˠ pˠ ə ɾˠ
clann	k lˠ au nˠ
cleamhnas	c lʲ au nˠ ə sˠ
cleas	c lʲ a sˠ
cleite	c lʲ e tʲ ə
clocha	k lˠ o x a
cloch	k lˠ o x
cloiche	k lˠ i h ə
clós	k lˠ oː sˠ
clúdaithe	k lˠ uː d̪ˠ ə h ə
cnámha	k nˠ aː vˠ ə
cneasta	c nʲ a sˠ t̪ˠ ə
cnucán	k nˠ u k aː nˠ
cogaidh	k o ɡ i ɟ
cogarnaigh	k o ɡ ə ɾˠ nˠ i ɟ
coimeádadh	k i mʲ aː d̪ˠ ə x
coimeádhfaidh	k o mʲ aː ɣ ə
coínleach	k iː nʲ lʲ ə x
coínlíní	k iː nʲ lʲ iː nʲ iː
coinneal	k i nʲ ə lˠ
coise	k o ʃ ə
cois	k o ʃ
col	k o lˠ
cor	k o ɾˠ
corp	k o ɾˠ pˠ
cosa	k o sˠ ə
cos	k o sˠ
cos-lomrachta	k o sˠ lˠ au mˠ ɾˠ a x t̪ˠ ə
costais	k o sˠ t̪ˠ ə ʃ
crainn	k ɾˠ iː nʲ
crann	k ɾˠ au nˠ
creachadh	c ɾʲ a x ə
creideamh	c ɾʲ e dʲ ə vˠ
creidimh	c ɾʲ e dʲ ə vʲ
crích	c ɾʲ iː
crochadh	k ɾˠ o x ə
croise	k ɾˠ o ʃ ə
cromadh	k ɾˠ u mˠ ə
cromtha	k ɾˠ o mˠ h ə
crosta	k ɾˠ u sˠ t̪ˠ ə
cruadh-chíosa	k ɾˠ uˑə ɣ ç iː sˠ ə
cruinne	k ɾˠ i nʲ ə
cruinn	k ɾˠ iː nʲ
cuanta	k uˑə nˠ t̪ˠ ə
cuardaigh	k uˑə ɾˠ d̪ˠ i ɟ
cúbadh	k uː bˠ ə
cuid	k i dʲ
cúigear	k uː ɟ ə ɾˠ
cúige	k uː ɟ ə
cúig	k uː ɟ
cuimhin	k iː nʲ
cuimhneamh	k iː nʲ ə vˠ
cuimhne	k iː nʲ ə
cúinne	k uː nʲ ə
cuireadh	k i ɾʲ ə x
cuir	k i ɾʲ
cúis	k uː ʃ
cuma	k u mˠ ə
cúpla	k uː pˠ lˠ ə
cur	k u ɾˠ
cúrsaí	k uː ɾˠ sˠ iː
curtha	k u ɾ̥ˠ ə
dá	d̪ˠ aː
daingean	d̪ˠ a ɲ ə nˠ
dána	d̪ˠ aː nˠ ə
daoibh	d̪ˠ iː vʲ
daoine	d̪ˠ iː nʲ ə
d'aois	d̪ˠ iː ʃ
d'aon	d̪ˠ eː nˠ
daoradh	d̪ˠ eː ɾˠ ə
d'arbhar	d̪ˠ a ɾˠ ə vˠ ə ɾˠ
d'ár	d̪ˠ aː ɾˠ
d'arm	d̪ˠ a ɾˠ ə mˠ
dathacha	d̪ˠ ə h a x ə
dead	dʲ a d̪ˠ
déag	dʲ iˑə ɡ
d'eagla	dʲ aː ɡ lˠ a
dealbh	dʲ a lˠ ə vˠ
déanamh	dʲ iˑə nˠ ə vˠ
déanta	dʲ iˑə nˠ t̪ˠ ə
déarfadh	dʲ iˑə ɾˠ ə x
déarfaidh	dʲ iˑə ɾˠ h ə
déarfaidís	dʲ iˑə ɾˠ h ə dʲ iː ʃ
de	dʲ e
dé	dʲ eː
deich	dʲ e
deighilte	dʲ e j ə lʲ tʲ ə
déine	dʲ eː nʲ ə
deireadh	dʲ e ɾʲ ə
deiridís	dʲ e ɾʲ ə dʲ iː ʃ
d'éirigh	dʲ eː ɾʲ i ɟ
deirim	dʲ e ɾʲ ə mʲ
deirinn	dʲ e ɾʲ ə nʲ
deirtí	dʲ e ɾˠ tʲ iː
déistineach	dʲ eː ʃ tʲ ə nʲ ə x
d'éitheach	dʲ eː h ə x
deoch	dʲ o x
desganaibh	dʲ e sˠ ɡ ə nˠ ə vʲ
d'fhágfadh	d̪ˠ aː ɡ ə x
d'fhan	d̪ˠ au nˠ
d'fhanfainn	d̪ˠ a nˠ ə nʲ
d'fhásaidís	d̪ˠ aː sˠ ə dʲ iː ʃ
d'fhéac	dʲ eː k
d'fhéachadar	dʲ eː x ə d̪ˠ ə ɾˠ
d'fhéadadar	dʲ eː d̪ˠ ə d̪ˠ ə ɾˠ
d'fhéadfadh	dʲ eː d̪ˠ ə x
d'fhear	dʲ a ɾˠ
d'fhiacalaibh	dʲ iˑə k ə lˠ ə vʲ
dhá	ɣ aː
dhaingean	ɣ a ɲ ə nˠ
dhaoine	ɣ iː nʲ ə
dhaoradh	ɣ eː ɾˠ ə
dheabhróch	j aː vˠ ɾˠ oː x
dheacair	j a k ə ɾʲ
dheaghshláintíghe	j aː ɣ l̥ˠ aː nʲ tʲ iː j ə
dhéag	j iˑə ɡ
dhéanamh	j iˑə nˠ ə vˠ
dhéanfadh	j iˑə nˠ ə x
dhéanfaidh	j iˑə nˠ i ɟ
dheas	j a sˠ
dhéin	j eː nʲ
dheirig	j e ɾʲ ə ɟ
dhé	j eː
dh'fhásaid	ɣ aː sˠ ə dʲ
dhíbirt	j iː bʲ ə ɾˠ tʲ
dhílis	j iː lʲ i ʃ
dhíobh	j iˑə vˠ
dhíoladar	j iˑə lˠ ə d̪ˠ ə ɾˠ
dhíoladh	j iˑə lˠ ə x
dhíolfadh	j iː lˠ ə x
dhíol	j iˑə lˠ
dhírigh	j iː ɾʲ i ɟ
dhóbair	ɣ oː bˠ ə ɾʲ
dhó	ɣ oː
dhroch	ɣ ɾˠ o x
dhual	ɣ uˑə lˠ
dhubh	ɣ u vˠ
dhuine	ɣ i nʲ ə
dhul	ɣ u lˠ
dian	dʲ iˑə nˠ
díbirt	dʲ iː bʲ ə ɾˠ tʲ
di	dʲ i
díobháil	dʲ iː vˠ aː lʲ
díobhála	dʲ iː vˠ aː lˠ ə
díobh	dʲ iˑə vˠ
díoladh	dʲ iˑə lˠ ə x
díol	dʲ iˑə lˠ
díreach	dʲ iː ɾʲ ə x
d'ithe	dʲ i h ə
d'obair	d̪ˠ o bˠ a ɾʲ
dócha	d̪ˠ oː x ə
do	d̪ˠ o
dó	d̪ˠ oː
dóibh	d̪ˠ oː vʲ
dóic	d̪ˠ oː i c
d'óladh	d̪ˠ oː lˠ ai
dom	d̪ˠ o mˠ
domhan	d̪ˠ au nˠ
donas	d̪ˠ o nˠ ə sˠ
droch	d̪ˠ ɾˠ o x
drún	d̪ˠ ɾˠ uː nˠ
dtabharfadh	d̪ˠ uː ɾˠ ə x
dtabharfaí	d̪ˠ au ɾˠ fˠ iː
dtabharfainn	d̪ˠ uː ɾˠ h i nʲ
dtaca	d̪ˠ a k ə
dtachtfadh	d̪ˠ a x t̪ˠ ə x
dtagadh	d̪ˠ a ɡ ə x
dtalamh	d̪ˠ a lˠ ə vˠ
dtánag-sa	d̪ˠ aː nˠ ə ɡ sˠ ə
dtaobh	d̪ˠ eː vˠ
dteannta	dʲ au nˠ t̪ˠ ə
dtí	dʲ iː
dtigh	dʲ i ɟ
dtineóntaithe	dʲ i nʲ oː nˠ t̪ˠ ə h ə
dtiocfadh	dʲ u k ə x
dtráchtfá	d̪ˠ ɾˠ aː x t̪ˠ fˠ aː
dtrí	dʲ ɾ̥ʲ iː
dtriúr	dʲ ɾʲ uː ɾˠ
dtrucail	d̪ˠ ɾˠ u k ə lʲ
dtugainn	d̪ˠ u ɡ ə nʲ
dtugtar	d̪ˠ u ɡ t̪ˠ ə ɾˠ
dtuigfeadh	d̪ˠ i c ə x
dtuigtí	d̪ˠ i ɟ tʲ iː
d'uaigneas	d̪ˠ uˑə ɟ nʲ ə sˠ
dúbh-chéalacan	d̪ˠ uː vˠ ç eː lˠ ə k ə nˠ
dubh	d̪ˠ u vˠ
duibh	d̪ˠ i vʲ
dúil	d̪ˠ uː lʲ
duine	d̪ˠ i nʲ ə
dúinn	d̪ˠ uː nʲ
duit	d̪ˠ i tʲ
dul	d̪ˠ u lˠ
dúnta	d̪ˠ uː nˠ t̪ˠ ə
éadaigh	iˑə d̪ˠ i ɟ
éadain	eː d̪ˠ ə nʲ
éad	eː d̪ˠ
eagal	a ɡ ə lˠ
eagla	a ɡ lˠ ə
easaontas	a sˠ eː nˠ t̪ˠ ə sˠ
é	e
éigean	eː ɟ ə nˠ
éigin	eː ɟ ə nʲ
éileamh	eː lʲ ə vˠ
eile	e lʲ ə
éirim	eː ɾʲ ə mʲ
éis	eː ʃ
eisean	e ʃ ə nˠ
éisteacht	eː ʃ tʲ ə x t̪ˠ
fada	fˠ a d̪ˠ ə
fad	fˠ a d̪ˠ
fadó	fˠ a d̪ˠ oː
fágadh	fˠ aː ɡ ə x
fágfar	fˠ aː ɡ fˠ ə ɾˠ
fágtha	fˠ aː k ə
fáibrí	fˠ aː bʲ ɾʲ iː
faid	fˠ a dʲ
faille	fˠ aː lʲ ə
fáilteach	fˠ aː lʲ tʲ ə x
faire	fˠ a ɾʲ ə
fairsing	fˠ a ɾˠ ʃ ə nʲ
fanfaidh	fˠ a nˠ i ɟ
fás	fˠ aː sˠ
feabhas	fʲ au sˠ
feaca	fʲ a k ə
féachaint	fʲ iˑə x ə nʲ tʲ
féach	fʲ iˑə x
féadadh	fʲ iˑə t̪ˠ ə x
fead	fʲ a d̪ˠ
feadh	fʲ ə
feall	fʲ au lˠ
fearaibh	fʲ a ɾˠ i vʲ
fear	fʲ a ɾˠ
féar	fʲ iˑə ɾˠ
fearr	fʲ aː ɾˠ
feiceadh	fʲ e c ə
féidir	fʲ eː dʲ ə ɾʲ
féin	fʲ eː nʲ
feirme	fʲ e ɾʲ ə mʲ ə
feirm	fʲ e ɾʲ ə mʲ
feitheamh	fʲ e h ə vˠ
fhada	a d̪ˠ ə
fhág	aː ɡ
fhaid	a dʲ
fhairsing	a ɾˠ ʃ ə nʲ
fhanadh	a nˠ ə
fhan	a nˠ
fhásfaidh	aː sˠ ə
fheaca	a k ə
fhéachaint	iˑə x ə nʲ tʲ
fhéach	iˑə x
fhéadadh	iˑə t̪ˠ ə x
fhéadaidís	eː d̪ˠ ə dʲ iː ʃ
fhéadainn	eː d̪ˠ ə nʲ
fheadar	a d̪ˠ ə ɾˠ
fhéadfadh	iˑə t̪ˠ ə x
fhéadfainn	iˑə t̪ˠ ə nʲ
fhéad	iˑə d̪ˠ
fhear	a ɾˠ
fhearr	aː ɾˠ
fhéidir	eː dʲ ə ɾʲ
fhéir	eː ɾʲ
fheirm	e ɾʲ ə mʲ
fheoil	oː lʲ
fhios	i sˠ
fhir	i ɾʲ
fhiú	j uː
fhocal	o k ə lˠ
fholáir	aː ɾʲ
fhonn	au nˠ
fhreagair	ɾʲ a ɡ ə ɾʲ
fhreagairt	ɾʲ a ɡ ə ɾˠ tʲ
fhreagra	ɾʲ a ɡ ɾˠ ə
fhuachta	uˑə x t̪ˠ ə
fhuacht	uˑə x t̪ˠ
fial	fʲ iˑə lˠ
fichead	fʲ i h ə d̪ˠ
fiche	fʲ i h ə
fichid	fʲ i h ə dʲ
file	fʲ i lʲ ə
fill	fʲ i lʲ
fillte	fʲ i lʲ tʲ ə
fíor	fʲ iˑə ɾˠ
fir	fʲ i ɾʲ
firín	fʲ i ɾʲ iː nʲ
fírinne	fʲ iː ɾʲ ə nʲ ə
fiú	fʲ uː
fliuch	fʲ lʲ u x
flúirseach	fˠ lˠ uː ɾˠ ʃ ə x
focail	fˠ o k ə lʲ
focal	fˠ o k ə l̻ˠ
foláine	fˠ o lˠ aː nʲ ə
foláir	fˠ lˠ aː ɾʲ
folamh	fˠ o lˠ ə vˠ
formhór	fˠ o ɾˠ ə vˠ oː ɾˠ
fós	fˠ oː sˠ
fraoch	fˠ ɾˠ eː x
freagairt	fʲ ɾʲ a ɡ ə ɾˠ tʲ
freagra	fʲ ɾʲ a ɡ ɾˠ ə
fuaid	fˠ uˑə dʲ
fuair	fˠ uˑə ɾʲ
fuar	fˠ uˑə ɾˠ
fuat	fˠ uˑə t̪ˠ
fuath	fˠ uˑə
fuinneamh	fˠ i nʲ ə vˠ
fuinnimh	fˠ i nʲ ə vʲ
gabhadh	ɡ au ə x
gabháil	ɡ vˠ aː lʲ
gabhair	ɡ au ɾʲ
gabhar	ɡ au ɾˠ
gach	ɡ a x
gadhar	ɡ ai ɾˠ
gairbhéal	ɡ a ɾʲ ə vʲ eː lˠ
gairbhéil	ɡ a ɾʲ ə vʲ eː lʲ
gáire	ɡ aː ɾʲ ə
gáirí	ɡ aː ɾʲ iː
gairid	ɡ a ɾʲ ə dʲ
gais	ɡ a ʃ
galánta	ɡ a lˠ aː nˠ t̪ˠ ə
galar	ɡ a lˠ ə ɾˠ
galúinín	ɡ a lˠ uː nʲ iː nʲ
galún	ɡ a lˠ uː nˠ
gan	ɡ a nˠ
gandail	ɡ a n̻ˠ d̪ˠ ə lʲ
gandal	ɡ a n̻ˠ d̪ˠ ə lˠ
gaol	ɡ eː lˠ
garaidhthibh	ɡ a ɾˠ ai h ə vʲ
garbh	ɡ a ɾˠ ə vˠ
garsúinín	ɡ a ɾˠ sˠ uː nʲ iː nʲ
garsún	ɡ a ɾˠ sˠ uː nˠ
gcaidhséar	ɡ ai ʃ eː ɾˠ
gcailíní	ɡ a lʲ iː nʲ iː
gcaint	ɡ a nʲ tʲ
gcaisleán	ɡ u ʃ lʲ aː nˠ
gcaitheamh	ɡ a h ə vˠ
gcaithfeadh	ɡ a h ə x
gcara	ɡ a ɾˠ ə
gcaraigreach	ɡ a ɾˠ ə ɟ ɾʲ ə x
gcasadh	ɡ a sˠ ə
gcás	ɡ aː sˠ
gceachtana	ɟ a x t̪ˠ ə nˠ ə
gceacht	ɟ a x t̪ˠ
gcéad	ɟ iˑə d̪ˠ
gcéadta	ɟ iˑə t̪ˠ ə
gceannas	ɟ a nˠ ə sˠ
gceann	ɟ au nˠ
gceart	ɟ a ɾˠ t̪ˠ
gceist	ɟ e ʃ tʲ
gcine	ɟ i nʲ ə
gcionn	ɟ uː nˠ
gcíos	ɟ iː sˠ
gcirt	ɟ i ɾˠ tʲ
gclár	ɡ lˠ aː ɾˠ
gcloch	ɡ lˠ o x
gcnuicín	ɡ nˠ i c iː nʲ
gcogaí	ɡ o ɡ iː
gcóir	ɡ oː ɾʲ
gcomparáid	ɡ o mˠ pˠ ə ɾˠ aː dʲ
gcorp	ɡ o ɾˠ pˠ
gcreideamh	ɟ ɾʲ e dʲ ə vˠ
gcrích	ɟ ɾʲ iː
gcrochfaí	ɡ ɾˠ o x fˠ iː
gcró	ɡ ɾˠ oː
gcuid	ɡ i dʲ
gcúig	ɡ uː ɟ
gcuimhne	ɡ iː nʲ ə
gcúinne	ɡ uː nʲ ə
gcuirfeadh	ɡ i ɾʲ ə x
gcúl	ɡ uː lˠ
gcuma	ɡ u mˠ ə
geala	ɟ a lˠ ə
geall	ɟ au lˠ
gearachaile	ɟ a ɾˠ ə x ə lʲ ə
géara	ɟ eː ɾˠ ə
géarchúiseach	ɟ eː ɾˠ x uː ʃ ə x
géar	ɟ iˑə ɾˠ
geimhrigh	ɟ e vʲ ɾʲ i ɟ
géire	ɟ eː ɾʲ ə
ghabháil	ɣ vˠ aː lʲ
ghabhar	ɣ au ɾˠ
gháir	ɣ aː ɾʲ
ghairbéal	ɣ a ɾʲ ə bʲ eː lˠ
ghairbhéal	ɣ a ɾʲ ə vʲ eː lˠ
gháire	ɣ aː ɾʲ ə
gháirí	ɣ aː ɾʲ iː
gháiridís	ɣ aː ɾʲ ə dʲ iː ʃ
ghairm	ɣ a ɾʲ ə mʲ
ghalar	ɣ a lˠ ə ɾˠ
ghana-chúiseach	ɣ a nˠ ə x uː ʃ ə x
ghandail	ɣ a n̻ˠ d̪ˠ ə lʲ
gharbh	ɣ a ɾˠ ə vˠ
gharsúin	ɣ a ɾˠ sˠ uː nʲ
gharsún	ɣ a ɾˠ sˠ uː nˠ
ghas	ɣ a sˠ
ghealacán	j a lˠ ə k aː nˠ
gheall	j au lˠ
ghearfadh	j ə ɾˠ a x
ghé	j eː
ghiora	j i ɾˠ ə
ghiorra	j i ɾˠ ə
ghlacadh	ɣ lˠ a k ə
ghlacaidís	ɣ lˠ a k ə dʲ iː ʃ
ghlacfaidís	ɣ lˠ a k ə dʲ iː ʃ
ghlais	ɣ lˠ i ʃ
ghlanadh	ɣ lˠ a nˠ ə
ghlan	ɣ lˠ a nˠ
ghlór	ɣ lˠ oː ɾˠ
ghluais	ɣ lˠ uˑə ʃ
ghlúin	ɣ lˠ uː nʲ
ghlún	ɣ lˠ uː nˠ
ghnímh	j nʲ iː vʲ
ghníomh	j nʲ iˑə vˠ
ghnó	ɣ nˠ oː
ghnúis	ɣ nˠ uː ʃ
ghoileadar	ɣ o lʲ ə d̪ˠ ə ɾˠ
ghoile	ɣ i lʲ ə
ghoill	ɣ e lʲ
ghráin	ɣ ɾˠ aː nʲ
ghreim	j ɾʲ ei mʲ
ghualainn	ɣ uˑə lˠ ə nʲ
ghustal	ɣ u sˠ t̪ˠ ə lˠ
glan	ɡ lˠ a nˠ
glasa	ɡ lˠ a sˠ ə
glas	ɡ lˠ a sˠ
gléigeal	ɟ lʲ eː ɟ a lˠ
gléineach	ɟ lʲ eː nʲ ə x
glúin	ɡ lˠ uː nʲ
glún	ɡ lˠ uː nˠ
gnáth	ɡ nˠ aː
gníomhartha	ɟ nʲ iˑə ɾ̥ˠ ə
gníomh	ɟ nʲ iˑə vˠ
gnó	ɡ nˠ oː
go	ɡ ə
goile	ɡ e lʲ ə
gol	ɡ o lˠ
gorta	ɡ o ɾˠ t̪ˠ ə
gort	ɡ o ɾˠ t̪ˠ
gráinne	ɡ ɾˠ aː nʲ ə
greim	ɟ ɾʲ ai mʲ
gruth	ɡ ɾˠ u
gura	ɡ u ɾˠ ə
gur	ɡ ə ɾˠ
gustal	ɡ u sˠ t̪ˠ ə lˠ
h-airightí	h a ɾʲ i ɟ tʲ iː
h-anspianta	h a nˠ ə sˠ pʲ iˑə nˠ t̪ˠ ə
h-ínnseadh	h iː nʲ ʃ ə
h-oídhcheanta	h iː j ç ə nˠ t̪ˠ ə
iad	iˑə d̪ˠ
iadsan	iˑə d̪ˠ sˠ ə nˠ
iarainn	iˑə ɾˠ ə nʲ
iasachta	iˑə sˠ ə x t̪ˠ ə
idir	i dʲ ə ɾʲ
i	i
í	iː
ime	i mʲ ə
iniúchadh	i nʲ uː x ə
inti	iː nʲ tʲ ə
iomarca	u mˠ ə ɾˠ k ə
ionam	uː nˠ ə mˠ
iothlainn	i h lˠ ə nʲ
íseal	iː ʃ ə lˠ
is	ə sˠ
isteach	ə ʃ tʲ a x
istigh	ə ʃ t̪ˠ i ɟ
ithe	i h ə
ith	i
labhair	lˠ au ɾʲ
labhairt	lˠ au ɾˠ tʲ
labhartha	lˠ au ɾ̥ˠ ə
lae	lˠ eː
laethanta	lˠ eː h ə nˠ t̪ˠ ə
lagachar	lˠ a ɡ ə x ə ɾˠ
lag	lˠ a ɡ
láidir	lˠ aː dʲ ə ɾʲ
laige	lˠ i ɟ ə
láimh	lˠ aː vʲ
láimhseáil	lˠ aː vʲ ʃ aː lʲ
laistiar	lˠ a ʃ tʲ iˑə ɾˠ
laistigh	lˠ a ʃ tʲ i ɟ
láithreach	lˠ aː h ə ɾʲ ə x
lá	lˠ aː
lámhach	lˠ aː vˠ ə x
lámha	lˠ aː vˠ ə
lámhfad	lˠ aː vˠ fˠ a d̪ˠ
lámh	lˠ aː vˠ
lán	lˠ aː nˠ
laoghaire	lˠ eː ɾʲ ə
lár	lˠ aː ɾˠ
lasadh	lˠ a sˠ ə
lastoir	lˠ a sˠ t̪ˠ i ɾʲ
lastuaidh	lˠ a sˠ t̪ˠ uˑə ɟ
láthair	lˠ aː h ə ɾʲ
leaba	lʲ a bˠ ə
leabhair	lʲ au ɾʲ
leabhar	lʲ au ɾˠ
leagadh	lʲ a ɡ ə
leanadar	lʲ a nˠ ə d̪ˠ ə ɾˠ
leanadh	lʲ a nˠ ə x
leanbh	lʲ a nˠ ə vˠ
lean	lʲ a nˠ
léas	lʲ eː sˠ
leathadh	lʲ a h ə
leathan	lʲ a h ə nˠ
leath-bhata	lʲ a vˠ a t̪ˠ ə
leath-bhfabhar	lʲ a vˠ aː vˠ ə ɾˠ
leath	lʲ a
leat	lʲ a t̪ˠ
leictheacht	lʲ e c h a x t̪ˠ
léi	lʲ e h ə
léim	lʲ eː mʲ
léir	lʲ eː ɾʲ
leis	lʲ e ʃ
léis	lʲ eː ʃ
leithéid	lʲ e h eː dʲ
leith	lʲ e h
le	lʲ e
leo	lʲ oː
liathróidí	lʲ iˑə ɾˠ oː i dʲ iː
liathróidín	lʲ iˑə ɾˠ oː i dʲ iː nʲ
liathróid	lʲ iˑə ɾ̥ˠ oː dʲ
lín	lʲ iː nʲ
linn	lʲ i nʲ
liom	lʲ u mˠ
líon	lʲ iˑə nˠ
líonmhara	lʲ iː nˠ vˠ ə ɾˠ ə
liúireach	lʲ uː ɾʲ ə x
lobhadh	lˠ au ɣ
loch	lˠ o x
loingeas	lˠ o ɲ ə sˠ
loit	lˠ o tʲ
loma	lˠ o mˠ ə
lom	lˠ au mˠ
long	lˠ uː ŋ ɡ
lorg	lˠ o ɾˠ ə ɡ
luath	lˠ uˑə
luigh	lˠ i ɟ
lútáil	lˠ uː t̪ˠ aː lʲ
macántacht	mˠ a k aː nˠ t̪ˠ ə x t̪ˠ
macánta	mˠ ə k aː nˠ t̪ˠ ə
mac	mˠ a k
magaidh	mˠ a ɡ i ɟ
maidin	mˠ a dʲ ə nʲ
m'aigne	mˠ a ɟ ə nʲ ə
maireadh	mˠ a ɾʲ ə
mairfidh	mˠ a ɾʲ i ɟ
maith	mˠ a
má	mˠ aː
mám	mˠ aː mˠ
marbh	mˠ a ɾˠ ə vˠ
mar	mˠ a ɾˠ
m'athair	mˠ a h ə ɾʲ
máthair	mˠ aː h ə ɾʲ
m'athar	mˠ a h ə ɾˠ
mbaile	mˠ a lʲ ə
mbainfí	mˠ a nʲ fʲ iː
mbainne	mˠ a nʲ ə
mba	mˠ a
mban	mˠ a nˠ
mbara	mˠ a ɾˠ ə
mbata	mˠ a t̪ˠ ə
mbéad	mʲ eː d̪ˠ
mbeag	mʲ o ɡ
mbeatha	mʲ a h ə
mbeidh	mʲ e ɟ
mbeirt	mʲ e ɾˠ tʲ
mbínn	mʲ iː nʲ
mbíodh	mʲ iˑə x
mbliana	mʲ lʲ iˑə nˠ ə
mbocht	mˠ o x t̪ˠ
mbó	mˠ oː
mbothán	mˠ o h aː nˠ
mbóthar	mˠ oː h ə ɾˠ
mbraon	mˠ ɾˠ eː nˠ
meadhg	mʲ ai ɡ
mealladh	mʲ a lˠ ə
measaim	mʲ a sˠ ə mʲ
measa	mʲ a sˠ ə
meas	mʲ a sˠ
meathán	mʲ a h aː nˠ
meat	mʲ a t̪ˠ
méid	mʲ eː dʲ
mé	mʲ e
mhac	vˠ a k
mhairbh	vˠ a ɾʲ i vʲ
mhaireadh	vˠ a ɾʲ ə x
mhair	vˠ a ɾʲ
mhaise	vˠ a ʃ ə
mháistiribh	vˠ aː ʃ tʲ ə ɾʲ ə vʲ
mhaithe	vˠ a h ə
mhaith	vˠ a
mhalairt	vˠ a lˠ ə ɾˠ tʲ
mháthair	vˠ aː h ə ɾʲ
mháthar-sa	vˠ aː h ə ɾˠ sˠ ə
mháthar	vˠ aː h ə ɾˠ
mheabhair	vʲ au ɾʲ
mhéar	vʲ iˑə ɾˠ
mheas	vʲ a sˠ
mhéid	vʲ eː dʲ
mhíle	vʲ iː lʲ ə
mhinic	vʲ i nʲ ə c
mhion	vʲ u nˠ
mhí	vʲ iː
mhná	vˠ nˠ aː
mhóra	vˠ uː ɾˠ ə
mhór	vˠ uː ɾˠ
mhó	vˠ oː
mhúineadh	vˠ uː nʲ ə
mhuineál	vˠ i nʲ aː lˠ
mhuintir	vˠ iː nʲ tʲ ə ɾʲ
mhuin	vˠ i nʲ
mhullach	vˠ u lˠ a x
mí-fholáin	mʲ iː o lˠ aː nʲ
míle	mʲ iː lʲ ə
mílte	mʲ iː lʲ tʲ ə
mí	mʲ iː
minic	mʲ i nʲ ə c
miona	mʲ i nˠ ə
mion	mʲ u nˠ
mion-uaisle	mʲ u nˠ uˑə ʃ lʲ ə
mion-uaislibh	mʲ u nˠ uˑə ʃ lʲ ə vʲ
mise	mʲ i ʃ ə
mná	mˠ nˠ aː
mo	mˠ ə
móra	mˠ uː ɾˠ ə
mórán	mˠ uː ɾˠ aː nˠ
mór	mˠ uː ɾˠ
múchta	mˠ uː x t̪ˠ ə
múineadh	mˠ uː nʲ ə
múinte	mˠ uː nʲ tʲ ə
múintí	mˠ uː nʲ tʲ iː
muintir	mˠ iː nʲ tʲ ə ɾʲ
murabh	mˠ u ɾˠ ə
murab	mˠ u ɾˠ ə bˠ
mura	mˠ u ɾˠ ə
murar	mˠ u ɾˠ ə ɾˠ
n-aghaidh	n̻ˠ ai ɟ
n-aigne	n̻ˠ a ɟ ə nʲ ə
náire	nˠ aː ɾʲ ə
n-ais	n̻ˠ a ʃ
n-áit	n̻ˠ aː tʲ
namhad	nˠ au d̪ˠ
namhaid	nˠ au dʲ
n-am	n̻ˠ au mˠ
ná	nˠ aː
n-anam	n̻ˠ a nˠ ə mˠ
na	nˠ ə
n-aoibhneas	n̻ˠ iː vʲ nʲ ə sˠ
naoi	nˠ eː
naomh	nˠ eː vˠ
n-ár	n̻ˠ aː ɾˠ
nár	nˠ aː ɾˠ
n-ar	n̻ˠ ə ɾˠ
ndaoine	nˠ iː nʲ ə
ndéanamh	nʲ iˑə nˠ ə vˠ
ndéanfadh	nʲ iˑə nˠ ə x
ndéanfaí	nʲ eː nˠ fˠ iː
ndéarfadh	nʲ iˑə ɾˠ ə x
ndear	nʲ a ɾˠ
ndeigheadar	nʲ ai d̪ˠ ə ɾˠ
ndeirtí	nʲ e ɾˠ tʲ iː
ndiúltuighdís	nʲ uː lˠ t̪ˠ ə j dʲ iː ʃ
nduine	nˠ i nʲ ə
neamhamhgarach	nʲ au au ɡ ə ɾˠ ə x
neamhchiontacht	nʲ au ç u nˠ t̪ˠ a x t̪ˠ
neamhshlacht	nʲ au l̥ˠ a x t̪ˠ
neamhspleadhac	nʲ au sˠ pʲ lʲ ai ə k
neart	nʲ a ɾˠ t̪ˠ
ngadhar	ŋ ai ɾˠ
ngairbhéal	ŋ a ɾʲ ə vʲ eː lˠ
ngandal	ŋ a n̻ˠ d̪ˠ ə lˠ
ngarsún	ŋ a ɾˠ sˠ uː nˠ
ngéire	ɲ eː ɾʲ ə
ngnó	ŋ nˠ oː
ní	nʲ iː
níor	nʲ iˑə ɾˠ
níos	nʲ iː sˠ
nirt	nʲ i ɾˠ tʲ
n-ithe	n̻ʲ i h ə
nocht	nˠ o x t̪ˠ
nóin	nˠ oː nʲ
nó	nˠ uː
n'oscail	nˠ o sˠ k ə lʲ
nuair	nˠ uˑə ɾʲ
nua	nˠ oː
n-uasal	n̻ˠ uˑə sˠ ə lˠ
obair	o bˠ ə ɾʲ
ochtar	o x t̪ˠ ə ɾˠ
ocht	o x t̪ˠ
ocrais	o k ɾˠ ə ʃ
ocras	u k ɾˠ ə sˠ
óga	oː ɡ ə
óg	oː ɡ
oibre	i bʲ ɾʲ ə
oilte	i lʲ tʲ ə
oiread	e ɾʲ ə d̪ˠ
olc	o lˠ k
ollamh	o lˠ a vˠ
ó	oː
oraibh	o ɾˠ i vʲ
orm	o ɾˠ ə mˠ
ortha	o ɾ̥ˠ ə
ort	o ɾˠ t̪ˠ
os	o sˠ
páirce	pˠ aː ɾʲ c ə
páirc	pˠ aː ɾʲ c
peadar	pʲ a d̪ˠ ə ɾˠ
pé	pʲ eː
pháirc	fˠ aː ɾʲ c
pháirt	fˠ aː ɾˠ tʲ
pharóiste	fˠ ɾˠ oː ʃ tʲ ə
phioc	fʲ u k
phóca	fˠ oː k ə
pholl	fˠ au lˠ
phortaigh	fˠ o ɾˠ t̪ˠ i ɟ
phort	fˠ o ɾˠ t̪ˠ
phós	fˠ oː sˠ
phrátaí	fˠ ɾˠ aː t̪ˠ iː
phriocfaidís	fʲ ɾʲ i k ə dʲ iː ʃ
piocadh	pʲ u k ə
plaoisgeana	pˠ lˠ iː ʃ ɟ ə nˠ ə
poll	pˠ au lˠ
pósadh	pˠ oː sˠ ə
pósta	pˠ oː sˠ t̪ˠ ə
prátaí	pˠ ɾˠ aː t̪ˠ iː
práta	pˠ ɾˠ aː t̪ˠ ə
rabairne	ɾˠ a bˠ ə ɾʲ nʲ ə
rabhadar	ɾˠ au d̪ˠ ə ɾˠ
radharc	ɾˠ ai ɾˠ k
raibh	ɾˠ e vʲ
raímhre	ɾˠ iː vʲ ɾʲ ə
ramhar	ɾˠ au ɾˠ
rang	ɾˠ au ŋ ɡ
rátha	ɾˠ aː ə
reachtaire	ɾˠ a x t̪ˠ ə ɾʲ ə
réidh	ɾˠ eː ɟ
riachtanach	ɾˠ iˑə x t̪ˠ ə nˠ ə x
riamh	ɾˠ iˑə vˠ
rian	ɾˠ iˑə nˠ
riocht	ɾˠ u x t̪ˠ
ritheadar	ɾˠ i h ə d̪ˠ ə ɾˠ
rith	ɾˠ i h
rithinn	ɾˠ i h ə nʲ
rógaire	ɾˠ oː ɡ ə ɾʲ ə
rogha	ɾˠ au ə
roimhe	ɾˠ o vʲ ə
roinneadar	ɾˠ o nʲ ə d̪ˠ ə ɾˠ
ró	ɾˠ oː
rudaí	ɾˠ u d̪ˠ iː
rud	ɾˠ u d̪ˠ
rugadar	ɾˠ u ɡ ə d̪ˠ ə ɾˠ
rugadh	ɾˠ u ɡ ə x
rug	ɾˠ u ɡ
sagairt	sˠ a ɡ ə ɾˠ tʲ
sagart	sˠ a ɡ ə ɾˠ t̪ˠ
saghas	sˠ ai sˠ
sámh	sˠ aː vˠ
san	sˠ ə nˠ
saor	sˠ eː ɾˠ
saothar	sˠ eː h ə ɾˠ
sa	sˠ ə
sásta	sˠ aː sˠ t̪ˠ ə
scanradh	sˠ k au nˠ ɾˠ ə
sciomar	ʃ c i mˠ ə ɾˠ
scóir	sˠ k oː ɾʲ
scór	sˠ k oː ɾˠ
seachas	ʃ a x ə sˠ
seacht	ʃ a x t̪ˠ
seál	ʃ aː lˠ
sealbha	ʃ a lˠ ə vˠ ə
seana	ʃ a nˠ ə
sean	ʃ a nˠ
seanduine	ʃ a nˠ d̪ˠ i nʲ ə
séanfaidís	ʃ eː nˠ ə dʲ iː ʃ
seanfhocail	ʃ a nˠ o k ə lʲ
seanfhocal	ʃ a nˠ o k ə l̻ˠ
seasamh	ʃ a sˠ ə vˠ
sé	ʃ eː
séideadh	ʃ eː dʲ ə
seilbh	ʃ e lʲ i vʲ
séipéal	ʃ eː pʲ iˑə lˠ
seisean	ʃ e ʃ ə nˠ
seo	ʃ o
shagart	h a ɡ ə ɾˠ t̪ˠ
shaghas	h ai sˠ
shamhraidh	h au ɾˠ ə
shaor	h eː ɾˠ
sheacht	h a x t̪ˠ
sheana	h a nˠ ə
sheans	h a nˠ sˠ
sheasaimh	h a sˠ i vʲ
sheasamh	h a sˠ ə vˠ
shia	h iˑə
shíneadh	h iː nʲ ə
shine	h i nʲ ə
shínfidís	h iː nʲ ə dʲ iː ʃ
shin	h i nʲ
shín	h iː nʲ
shláinte	l̥ˠ aː nʲ tʲ ə
shliocht	l̥ʲ i x t̪ˠ
shúil	h uː lʲ
shúl	h uː lˠ
siad	ʃ iˑə d̪ˠ
sia	ʃ iˑə
siar	ʃ iˑə ɾˠ
sibh	ʃ i vʲ
sí	ʃ iː
sínfeadh	ʃ iː nʲ ə x
sínfí	ʃ iː nʲ fʲ iː
sin	ʃ i nʲ
sinn	ʃ i nʲ
sínte	ʃ iː nʲ tʲ ə
síol	ʃ iː lˠ
síos	ʃ iː sˠ
sise	ʃ i ʃ ə
siúd	ʃ uː d̪ˠ
slachtmhaire	sˠ lˠ a x t̪ˠ vˠ ə ɾʲ ə
slacht	sˠ lˠ a x t̪ˠ
sláinte	sˠ lˠ aː nʲ tʲ ə
slaite	sˠ lˠ a tʲ ə
slán	sˠ lˠ aː nˠ
slata	sˠ lˠ a t̪ˠ ə
sliocht	ʃ lʲ i x t̪ˠ
smúsach	sˠ mˠ uː sˠ ə x
socair	sˠ o k ə ɾʲ
socarachta	sˠ o k ə ɾˠ a x t̪ˠ ə
soiléir	sˠ i lʲ eː ɾʲ
soir	sˠ i ɾʲ
sólás	sˠ oː lˠ aː sˠ
soláthar	sˠ lˠ aː h ə ɾˠ
sparaíbh	sˠ pˠ a ɾˠ iː vʲ
sparaí	sˠ pˠ a ɾˠ iː
spealadóirí	sˠ pʲ a lˠ ə d̪ˠ oː ɾʲ iː
spórt	sˠ pˠ oː ɾˠ t̪ˠ
sruthán	sˠ ɾˠ u h aː nˠ
stábla	sˠ t̪ˠ aː bˠ lˠ ə
stadadar	sˠ t̪ˠ a d̪ˠ ə d̪ˠ ə ɾˠ
stad	sˠ t̪ˠ a d̪ˠ
stailc	sˠ t̪ˠ a lʲ c
staon	sˠ t̪ˠ eː nˠ
starfhiacal	sˠ t̪ˠ a ɾʲ ə fʲ h iˑə k ə lˠ
stóca	sˠ t̪ˠ oː k ə
stoc	sˠ t̪ˠ o k
stráice	sˠ t̪ˠ ɾˠ aː c ə
stuama	sˠ t̪ˠ uˑə mˠ ə
suaimhneasach	sˠ uˑə nʲ ə sˠ ə x
suaimhnis	sˠ uˑə nʲ ə ʃ
suas	sˠ uˑə sˠ
súil-aibigh	sˠ uː lʲ a bʲ i ɟ
súile	sˠ uː lʲ ə
súil	sˠ uː lʲ
sultmhar	sˠ u lˠ t̪ˠ vˠ ə ɾˠ
tabhairt	t̪ˠ uː ɾˠ tʲ
tabhartha	t̪ˠ uː ɾ̥ˠ ə
t-adhmad	t̪ˠ ai mˠ ə d̪ˠ
tae	t̪ˠ eː
tagtí	t̪ˠ a ɟ tʲ iː
t-aighneas	t̪ˠ ai nʲ ə sˠ
tailimh-se	t̪ˠ a lʲ ə vʲ ʃ e
tairbhe	t̪ˠ a ɾʲ ə vʲ ə
t-airgead	t̪ˠ a ɾʲ ə ɟ ə d̪ˠ
taitíghe	t̪ˠ a tʲ iː j ə
talamh	t̪ˠ a lˠ ə vˠ
tamaill	t̪ˠ a mˠ ə lʲ
tamall	t̪ˠ a mˠ ə lˠ
t-am	t̪ˠ au mˠ
t-anam	t̪ˠ a nˠ ə mˠ
taobh	t̪ˠ eː vˠ
taoibh	t̪ˠ iː vʲ
t-aon	t̪ˠ eː nˠ
t-arán	t̪ˠ ə ɾˠ aː nˠ
t-arbhar	t̪ˠ a ɾˠ ə vˠ ə ɾˠ
tar	t̪ˠ a ɾˠ
tá	t̪ˠ aː
t-athair	t̪ˠ a h ə ɾʲ
teacht	tʲ a x t̪ˠ
téagar	tʲ eː ɡ ə ɾˠ
teanga	tʲ a ŋ ɡ ə
teas	tʲ a sˠ
teip	tʲ e pʲ
t-éitheach	tʲ eː h ə x
teitheadh	tʲ e h ə
teith	tʲ e
thabhairt	h uː ɾˠ tʲ
thabharfadh	h uː ɾˠ ə x
thagadh	h a ɡ ə x
thagaidís	h a ɡ ə dʲ iː ʃ
thagainn	h a ɡ ə nʲ
tháinig	h aː nʲ ə ɟ
thairis	h a ɾʲ ə ʃ
thalamh	h a lˠ ə vˠ
thall	h au lˠ
thaobh	h eː vˠ
thar	h a ɾˠ
theacht	h a x t̪ˠ
theannta	h au nˠ t̪ˠ ə
theas	h a sˠ
the	h e
théighmís	h eː j mʲ iː ʃ
theip	h e pʲ
theitheadar	h e h ə d̪ˠ ə ɾˠ
thiar	h iˑə ɾˠ
thigh	h i ɟ
thímpal-sa	h iː mˠ pˠ ə lˠ sˠ ə
thiocfadh	h u k ə x
thíos	h iː sˠ
thógadh	h oː ɡ ə x
thógfadh	h oː k ə x
thóg	h oː ɡ
thoir	h i ɾʲ
thoradh	h o ɾˠ ə
thosach	h o sˠ a x
threise	ɾ̥ʲ e ʃ ə
thriail	ɾ̥ʲ iˑə lʲ
thrí	ɾ̥ʲ iː
thuaidh	h uˑə ɟ
thuas	h uˑə sˠ
thugadar	h u ɡ ə d̪ˠ ə ɾˠ
thugadh	h u ɡ ə x
thugainn	h u ɡ ə nʲ
thug	h u ɡ
thuiginn	h i ɟ ə nʲ
tigh	tʲ i ɟ
tír	tʲ iː ɾʲ
t-ocras	t̪ˠ u k ɾˠ ə sˠ
tógadh	t̪ˠ oː ɡ ə x
tógtha	t̪ˠ oː k i h ə
tógtí	t̪ˠ oː ɟ tʲ iː
toil	t̪ˠ o lʲ
tón-leathan	t̪ˠ oː nˠ lʲ a h ə nˠ
toradh	t̪ˠ o ɾˠ ə
tráchtadh	t̪ˠ ɾ̥ˠ aː x t̪ˠ ə
trácht	t̪ˠ ɾˠ aː x t̪ˠ
tráthnóna	t̪ˠ ɾˠ aː nˠ h oː nˠ ə
tráth	t̪ˠ ɾ̥ˠ aː
treabhchas	tʲ ɾ̥ʲ au x ə sˠ
treana	tʲ ɾ̥ʲ a nˠ ə
treise	tʲ ɾ̥ʲ e ʃ ə
tréithe	tʲ ɾ̥ʲ eː h ə
triall	tʲ ɾ̥ʲ iˑə lˠ
tríd	tʲ ɾ̥ʲ iː dʲ
trioblóide	tʲ ɾʲ i bˠ lˠ oː dʲ ə
tríochad	tʲ ɾ̥ʲ iː o x ə d̪ˠ
tríthi	tʲ ɾ̥ʲ iː h ə
trí	tʲ ɾ̥ʲ iː
triúr	tʲ ɾ̥ʲ uː ɾˠ
troid	t̪ˠ ɾˠ i dʲ
trom	t̪ˠ ɾˠ au mˠ
trucail	t̪ˠ ɾ̥ˠ u k ə lʲ
tsamhraidh	t̪ˠ au ɾˠ i ɟ
tseift	tʲ e fʲ tʲ
tséipéil	tʲ eː pʲ eː lʲ
tsráid	t̪ˠ ɾˠ aː dʲ
tuairim	t̪ˠ uˑə ɾʲ ə mʲ
t-ualach	t̪ˠ uˑə lˠ ə x
tugadh	t̪ˠ u ɡ ə x
tugtar	t̪ˠ u ɡ t̪ˠ ə ɾˠ
tuigeadh	t̪ˠ i ɟ ə x
tuirse	t̪ˠ u ɾ̥ʲ ʃ ə
t-urchar	t̪ˠ o ɾˠ ə x ə ɾˠ
tur	t̪ˠ u ɾˠ
tusa	t̪ˠ u sˠ ə
tú	t̪ˠ uː
uachtarach	uˑə x t̪ˠ ə ɾˠ ə x
uaibh	uˑə vʲ
uaidh	uˑə ɟ
uaigneacha	uˑə ɟ nʲ ə x ə
uaim	uˑə mʲ
uainn	uˑə nʲ
uain	uˑə nʲ
uaireanta	uˑə ɾʲ ə nˠ t̪ˠ ə
uair	uˑə ɾʲ
uaisle	uˑə ʃ lʲ ə
uait	uˑə tʲ
ualache	uˑə lˠ ə ç ə
ualach	uˑə lˠ ə x
uasal	uˑə sˠ ə lˠ
uatha	uˑə h ə
úd	uː d̪ˠ
uí	iː
uile	i lʲ ə
uirthi	i ɾˠ h ə
umam	u mˠ ə mˠ
um	u mˠ
urchair	u ɾˠ a x ə ɾʲ
urchar	o ɾˠ ə x ə ɾˠ
urlabhra	u ɾˠ lˠ ə ɾˠ ə
úsáid	uː sˠ aː dʲ
á	aː
aduaidh	ə d̪ˠ uˑə ɟ
aeraíocht	eː ɾˠ iˑə x t̪ˠ
agaibhse	ə ɡ i vʲ ʃ ə
agamsa	ə ɡ ə mˠ sˠ ə
aicisí	a c ə ʃ iː
aigesean	a ɟ ə ʃ ə nˠ
ainm	a nʲ ə mʲ
airde	aː ɾˠ dʲ ə
airíodar	a ɾʲ iˑə d̪ˠ ə ɾˠ
amas	a mˠ ə sˠ
amuigh	ə mˠ u h
aniar	ə nʲ iˑə ɾˠ
arís	ə ɾʲ iː ʃ
astu	a sˠ t̪ˠ ə
aturnae	a t̪ˠ ə ɾˠ nˠ eː
bailithe	bˠ a lʲ ə h ə
baol	bˠ eː lˠ
barr	bˠ aː ɾˠ
beithíoch	bʲ e h iˑə x
bhaol	vˠ eː lˠ
bharr	vˠ aː ɾˠ
bhreá	vʲ ɾʲ aː
bhreoiteacht	vʲ ɾʲ oː tʲ ə x t̪ˠ
bhreoiteachtaí	vʲ ɾʲ oː tʲ ə x t̪ˠ iː
bhrí	vʲ ɾʲ iː
bhrú	vˠ ɾˠ uː
bhuí	vˠ iː
bithiúnach	bʲ i h uː nˠ ə x
bosca	bˠ u sˠ k ə
bpoiblíocht	bˠ o bʲ ə lʲ iˑə x t̪ˠ
bponc	bˠ o ŋ k
breá	bʲ ɾʲ aː
breátha	bʲ ɾʲ aː h ə
breathnú	bʲ ɾʲ a n̥ˠ uː
breoiteacht	bʲ ɾʲ oː tʲ ə x t̪ˠ
brí	bʲ ɾʲ iː
bríomhar	bʲ ɾʲ iː vˠ ə ɾˠ
brú	bˠ ɾˠ uː
charraig	x a ɾˠ ə ɟ
chlaí	x lˠ iː
chnoc	x nˠ u k
chnoic	x nˠ i c
choláiste	x lˠ aː ʃ tʲ ə
chosc	x o sˠ k
claí	k lˠ iː
cleasaíocht	c lʲ a sˠ iˑə x t̪ˠ
codladh	k o lˠ ə
coigríoch	k o ɟ ə ɾʲ iˑə x
coláiste	k o lˠ aː ʃ tʲ ə
comhluadar	k oː lˠ uˑə d̪ˠ ə ɾˠ
cónaí	k oː nˠ iː
críostaí	c ɾʲ iː sˠ t̪ˠ iː
daireofá	d̪ˠ a ɾʲ oː fˠ aː
dár	d̪ˠ aː ɾˠ
dardaigh	d̪ˠ a ɾˠ d̪ˠ i ɟ
déileamh	dʲ eː lʲ ə vˠ
deimhneach	dʲ e vʲ nʲ a x
deirimse	dʲ e ɾʲ ə mʲ ʃ ə
déiríodar	dʲ eː ɾʲ iˑə d̪ˠ ə ɾˠ
deisbhéalaí	dʲ e ʃ vʲ eː lˠ iː
den	dʲ e nʲ
deo	dʲ oː
dfháil	d̪ˠ aː lʲ
dfhéach	dʲ eː x
dhéanfaimid	j iˑə nˠ ə mʲ iː dʲ
dhearbhaigh	j a ɾˠ ə vˠ i
dhísciú	j iː ʃ c uː
difríocht	dʲ i fʲ ɾʲ iˑə x t̪ˠ
dimigh	dʲ i mʲ i ɟ
dinis	dʲ i nʲ ə ʃ
diompaigh	dʲ i mˠ pˠ i ɟ
diompaíodar	dʲ i mˠ pˠ iˑə d̪ˠ ə ɾˠ
dlí	dʲ lʲ iː
dlíthe	dʲ lʲ iː h e
don	d̪ˠ o nˠ
dronnaí	d̪ˠ ɾˠ o nˠ iː
dtreo	dʲ ɾʲ oː
dúirt	d̪ˠ uː ɾˠ tʲ
ea	a
éagóir	eː ɡ oː ɾʲ
éagóra	eː ɡ oː ɾˠ ə
éalú	eː lˠ uː
Eoghan	oː nˠ
eolas	oː lˠ ə sˠ
fé	fʲ eː
feiscint	fʲ i ʃ c ə nʲ tʲ
Fraincis	fˠ ɾˠ ai ɲ c iː ʃ
Fraincise	fˠ ɾˠ a nʲ c ə ʃ ə
Gaeil	ɡ eː lʲ
Gael	ɡ eː lˠ
Gaelacha	ɡ eː lˠ ə x ə
gairdín	ɡ a ɾˠ dʲ iː nʲ
garraí	ɡ a ɾˠ iː
garraithe	ɡ a ɾˠ ə h ə
gasra	ɡ a sˠ ɾˠ ə
gcaitear	ɡ a tʲ ə ɾˠ
gcarraig	ɡ a ɾˠ ə ɟ
gcnoc	ɡ nˠ u k
gcoláiste	ɡ o lˠ aː ʃ tʲ ə
gcomhaireamh	ɡ oː ɾʲ ə vˠ
gcónaí	ɡ oː nˠ iː
gharraí	ɣ a ɾˠ iː
ghrámhar	ɣ ɾˠ aː vˠ ə ɾˠ
ghránna	ɣ ɾˠ aː nˠ ə
ghunna	ɣ u nˠ ə
glaoch	ɡ lˠ eː x
glaoite	ɡ lˠ eː tʲ ə
gurbh	ɡ u ɾˠ vˠ
háit	h aː tʲ
háite	h aː tʲ ə
hálainn	h aː lˠ ə nʲ
hamháin	h ə vˠ aː nʲ
hana	h a nˠ ə
hanam	h a nˠ ə mˠ
haon	h eː nˠ
hardaíodh	h a ɾˠ d̪ˠ iˑə ɣ
hathair	h a h ə ɾʲ
hathar	h a h ə ɾˠ
hathbhliana	h a vʲ lʲ iˑə nˠ ə
hea	h a
héagóra	h eː ɡ oː ɾˠ ə
héagruas	h eː ɡ ɾˠ uˑə sˠ
héilíodh	h eː lʲ iˑə ɣ
hÉireann	h eː ɾʲ ə nˠ
hÉirinn	h eː ɾʲ i nʲ
héitheach	h eː h ə x
hIcí	h i c iː
hoíche	h iː h ə
holc	h o lˠ k
huacht	h uˑə x t̪ˠ
huafás	h uː fˠ aː sˠ
huair	h uˑə ɾʲ
huaire	h uˑə ɾʲ ə
huaisle	h uˑə ʃ lʲ ə
hullamh	h u lˠ ə vˠ
iarracht	iˑə ɾˠ ə x t̪ˠ
iarraidh	iˑə ɾˠ i ɟ
Icí	i c iː
im	i mʲ
imeacht	i mʲ a x t̪ˠ
imigéiniúla	i mʲ i ɟ eː nʲ uː lˠ ə
in	i nˠ
léirscrios	lʲ eː ɾʲ ʃ c ɾʲ i sˠ
leithscéal	lʲ e h ʃ c eː lˠ
leithscéil	lʲ e h ʃ c eː lʲ
liú	lʲ uː
lóistín	lˠ oː ʃ tʲ iː nʲ
lú	lˠ uː
Lúnasa	lˠ uː nˠ ə sˠ ə
maíomh	mˠ iː vˠ
maireann	mˠ a ɾʲ ə nˠ
máistir	mˠ aː ʃ tʲ ə ɾʲ
maraíodh	mˠ a ɾˠ iˑə x
marcaíocht	mˠ a ɾˠ k iˑə x t̪ˠ
marú	mˠ a ɾˠ uː
más	mˠ aː sˠ
mathairse	mˠ a h ə ɾʲ ʃ ə
mbáfaí	mˠ aː fˠ iː
mbord	mˠ oː ɾˠ d̪ˠ
mbrí	mʲ ɾʲ iː
mbuí	mˠ iː
mearaí	mʲ a ɾˠ iː
measc	mʲ a sˠ k
meascán	mʲ a sˠ k aː nˠ
meathlú	mʲ a lˠ uː
mhaidin	vˠ a dʲ nʲ
mháistir	vˠ aː ʃ tʲ ə ɾʲ
mhiste	vʲ i ʃ tʲ ə
nach	nˠ a x
n-achrann	n̻ˠ a x ɾˠ ə nˠ
nAifric	nˠ a fʲ ɾʲ ə c
neamhscáfar	nʲ au sˠ k aː fˠ ə ɾˠ
nGael	ŋ eː lˠ
ngaisce	ŋ a ʃ c ə
ngarraí	ŋ a ɾˠ iː
ngiorracht	ɲ i ɾˠ a x t̪ˠ
ón	oː nˠ
ord	o ɾˠ d̪ˠ
ormsa	o ɾˠ ə mˠ sˠ ə
oscail	o sˠ k ə lʲ
oscailt	o sˠ k ə lʲ tʲ
phléascamar	fʲ lʲ eː sˠ k ə mˠ ə ɾˠ
ré	ɾˠ eː
saibhir	sˠ e vʲ ə ɾʲ
saibhreas	sˠ e vʲ ɾʲ ə sˠ
sailí	sˠ a lʲ iː
sáite	sˠ aː tʲ ə
scafaire	sˠ k a fˠ ə ɾʲ ə
scaoil	sˠ k iː lʲ
scaoileadh	sˠ k iː lʲ ə
scar	sˠ k a ɾˠ
scaradh	sˠ k a ɾˠ ə
scáth	sˠ k aː
scéal	ʃ c iˑə lˠ
scéalta	ʃ c iˑə lˠ t̪ˠ ə
sceiche	ʃ c e ç ə
scéil	ʃ c eː lʲ
sceithe	ʃ c e h ə
sceon	ʃ c oː nˠ
scian	ʃ c iˑə nˠ
sciathóige	ʃ c iˑə h oː ɟ ə
sciúradh	ʃ c uː ɾˠ ə
sclábhaíochta	sˠ k lˠ aː vˠ iˑə x t̪ˠ ə
scoil	sˠ k e lʲ
scoile	sˠ k e lʲ ə
scoileanna	sˠ k o lʲ ə nˠ ə
scoiltfeadh	sˠ k i lʲ tʲ ə x
aice	a c ə
cárbh	k aː ɾˠ vˠ
cérbh	c e ɾˠ vˠ
dárbh	d̪ˠ aː ɾˠ vˠ
dhea	j a
Éirinn	eː ɾʲ i nʲ
gurb	ɡ ə ɾˠ bˠ
lena	lʲ e nˠ ə
mb'fhéidir	mʲ eː dʲ ə ɾʲ
nárbh	nˠ aː ɾˠ ə vˠ
níorbh	nʲ iˑə ɾˠ ə vˠ
